,Cell,Sample
Sample_1006_1007_AAACCTGGTCCGAATT,Sample_1006_1007_AAACCTGGTCCGAATT,Sample_1006_1007
Sample_1006_1007_AAACCTGGTGAGTGAC,Sample_1006_1007_AAACCTGGTGAGTGAC,Sample_1006_1007
Sample_1006_1007_AAACGGGAGACTGTAA,Sample_1006_1007_AAACGGGAGACTGTAA,Sample_1006_1007
Sample_1006_1007_AAACGGGGTCGCGAAA,Sample_1006_1007_AAACGGGGTCGCGAAA,Sample_1006_1007
Sample_1006_1007_AAAGATGCAAGTAATG,Sample_1006_1007_AAAGATGCAAGTAATG,Sample_1006_1007
Sample_1006_1007_AAAGATGCATGCCACG,Sample_1006_1007_AAAGATGCATGCCACG,Sample_1006_1007
Sample_1006_1007_AAAGCAACACGTCAGC,Sample_1006_1007_AAAGCAACACGTCAGC,Sample_1006_1007
Sample_1006_1007_AAAGTAGAGGCTCTTA,Sample_1006_1007_AAAGTAGAGGCTCTTA,Sample_1006_1007
Sample_1006_1007_AAAGTAGCACCACGTG,Sample_1006_1007_AAAGTAGCACCACGTG,Sample_1006_1007
Sample_1006_1007_AAAGTAGCATATGCTG,Sample_1006_1007_AAAGTAGCATATGCTG,Sample_1006_1007
Sample_1006_1007_AAATGCCTCTTGCCGT,Sample_1006_1007_AAATGCCTCTTGCCGT,Sample_1006_1007
Sample_1006_1007_AACACGTCAATAGCGG,Sample_1006_1007_AACACGTCAATAGCGG,Sample_1006_1007
Sample_1006_1007_AACCATGAGCTAGCCC,Sample_1006_1007_AACCATGAGCTAGCCC,Sample_1006_1007
Sample_1006_1007_AACCGCGTCGCTTGTC,Sample_1006_1007_AACCGCGTCGCTTGTC,Sample_1006_1007
Sample_1006_1007_AACGTTGTCCCATTTA,Sample_1006_1007_AACGTTGTCCCATTTA,Sample_1006_1007
Sample_1006_1007_AACTCAGTCTGTTTGT,Sample_1006_1007_AACTCAGTCTGTTTGT,Sample_1006_1007
Sample_1006_1007_AACTCTTAGGCCCTCA,Sample_1006_1007_AACTCTTAGGCCCTCA,Sample_1006_1007
Sample_1006_1007_AACTCTTTCGATAGAA,Sample_1006_1007_AACTCTTTCGATAGAA,Sample_1006_1007
Sample_1006_1007_AAGCCGCAGGAATGGA,Sample_1006_1007_AAGCCGCAGGAATGGA,Sample_1006_1007
Sample_1006_1007_AAGGCAGGTAATCACC,Sample_1006_1007_AAGGCAGGTAATCACC,Sample_1006_1007
Sample_1006_1007_AATCGGTAGTCGATAA,Sample_1006_1007_AATCGGTAGTCGATAA,Sample_1006_1007
Sample_1006_1007_ACACCCTTCTCTTGAT,Sample_1006_1007_ACACCCTTCTCTTGAT,Sample_1006_1007
Sample_1006_1007_ACACTGATCGGTGTCG,Sample_1006_1007_ACACTGATCGGTGTCG,Sample_1006_1007
Sample_1006_1007_ACAGCCGCACGGATAG,Sample_1006_1007_ACAGCCGCACGGATAG,Sample_1006_1007
Sample_1006_1007_ACATCAGCACGCTTTC,Sample_1006_1007_ACATCAGCACGCTTTC,Sample_1006_1007
Sample_1006_1007_ACATGGTTCCTCCTAG,Sample_1006_1007_ACATGGTTCCTCCTAG,Sample_1006_1007
Sample_1006_1007_ACATGGTTCGTGGTCG,Sample_1006_1007_ACATGGTTCGTGGTCG,Sample_1006_1007
Sample_1006_1007_ACCCACTTCCGCATAA,Sample_1006_1007_ACCCACTTCCGCATAA,Sample_1006_1007
Sample_1006_1007_ACCGTAAAGGTGACCA,Sample_1006_1007_ACCGTAAAGGTGACCA,Sample_1006_1007
Sample_1006_1007_ACCGTAAGTAGCGCTC,Sample_1006_1007_ACCGTAAGTAGCGCTC,Sample_1006_1007
Sample_1006_1007_ACCTTTAGTCTCTCGT,Sample_1006_1007_ACCTTTAGTCTCTCGT,Sample_1006_1007
Sample_1006_1007_ACCTTTATCAGCGACC,Sample_1006_1007_ACCTTTATCAGCGACC,Sample_1006_1007
Sample_1006_1007_ACCTTTATCGTCTGCT,Sample_1006_1007_ACCTTTATCGTCTGCT,Sample_1006_1007
Sample_1006_1007_ACGATACAGCACAGGT,Sample_1006_1007_ACGATACAGCACAGGT,Sample_1006_1007
Sample_1006_1007_ACGCCAGTCTAGCACA,Sample_1006_1007_ACGCCAGTCTAGCACA,Sample_1006_1007
Sample_1006_1007_ACGCCGATCCCTCAGT,Sample_1006_1007_ACGCCGATCCCTCAGT,Sample_1006_1007
Sample_1006_1007_ACGGAGACATGACGGA,Sample_1006_1007_ACGGAGACATGACGGA,Sample_1006_1007
Sample_1006_1007_ACGGCCACACCACGTG,Sample_1006_1007_ACGGCCACACCACGTG,Sample_1006_1007
Sample_1006_1007_ACGGCCACATGTTGAC,Sample_1006_1007_ACGGCCACATGTTGAC,Sample_1006_1007
Sample_1006_1007_ACGGCCATCAACGGCC,Sample_1006_1007_ACGGCCATCAACGGCC,Sample_1006_1007
Sample_1006_1007_ACGGGCTAGAGGGCTT,Sample_1006_1007_ACGGGCTAGAGGGCTT,Sample_1006_1007
Sample_1006_1007_ACGGGCTCAGTTCCCT,Sample_1006_1007_ACGGGCTCAGTTCCCT,Sample_1006_1007
Sample_1006_1007_ACGGGCTTCTTATCTG,Sample_1006_1007_ACGGGCTTCTTATCTG,Sample_1006_1007
Sample_1006_1007_ACGGGTCGTGCCTGCA,Sample_1006_1007_ACGGGTCGTGCCTGCA,Sample_1006_1007
Sample_1006_1007_ACGTCAAAGACATAAC,Sample_1006_1007_ACGTCAAAGACATAAC,Sample_1006_1007
Sample_1006_1007_ACTATCTGTGCTGTAT,Sample_1006_1007_ACTATCTGTGCTGTAT,Sample_1006_1007
Sample_1006_1007_ACTGAACAGCGCCTCA,Sample_1006_1007_ACTGAACAGCGCCTCA,Sample_1006_1007
Sample_1006_1007_ACTGAACTCTAAGCCA,Sample_1006_1007_ACTGAACTCTAAGCCA,Sample_1006_1007
Sample_1006_1007_ACTGAGTCAAACAACA,Sample_1006_1007_ACTGAGTCAAACAACA,Sample_1006_1007
Sample_1006_1007_ACTGATGAGGAGTTTA,Sample_1006_1007_ACTGATGAGGAGTTTA,Sample_1006_1007
Sample_1006_1007_ACTGATGGTACATCCA,Sample_1006_1007_ACTGATGGTACATCCA,Sample_1006_1007
Sample_1006_1007_ACTGTCCGTTTGCATG,Sample_1006_1007_ACTGTCCGTTTGCATG,Sample_1006_1007
Sample_1006_1007_ACTTACTCAATAACGA,Sample_1006_1007_ACTTACTCAATAACGA,Sample_1006_1007
Sample_1006_1007_ACTTTCAGTAAACGCG,Sample_1006_1007_ACTTTCAGTAAACGCG,Sample_1006_1007
Sample_1006_1007_AGACGTTTCCATGAGT,Sample_1006_1007_AGACGTTTCCATGAGT,Sample_1006_1007
Sample_1006_1007_AGAGCGACAGGTCGTC,Sample_1006_1007_AGAGCGACAGGTCGTC,Sample_1006_1007
Sample_1006_1007_AGAGTGGGTACCGTAT,Sample_1006_1007_AGAGTGGGTACCGTAT,Sample_1006_1007
Sample_1006_1007_AGATCTGGTACAGACG,Sample_1006_1007_AGATCTGGTACAGACG,Sample_1006_1007
Sample_1006_1007_AGCATACGTAAACACA,Sample_1006_1007_AGCATACGTAAACACA,Sample_1006_1007
Sample_1006_1007_AGCATACGTCTGATTG,Sample_1006_1007_AGCATACGTCTGATTG,Sample_1006_1007
Sample_1006_1007_AGCCTAAGTTGGTAAA,Sample_1006_1007_AGCCTAAGTTGGTAAA,Sample_1006_1007
Sample_1006_1007_AGCCTAATCATCTGTT,Sample_1006_1007_AGCCTAATCATCTGTT,Sample_1006_1007
Sample_1006_1007_AGCGTATAGAACTGTA,Sample_1006_1007_AGCGTATAGAACTGTA,Sample_1006_1007
Sample_1006_1007_AGCGTATGTGTGGTTT,Sample_1006_1007_AGCGTATGTGTGGTTT,Sample_1006_1007
Sample_1006_1007_AGCGTCGGTCTTCTCG,Sample_1006_1007_AGCGTCGGTCTTCTCG,Sample_1006_1007
Sample_1006_1007_AGCTCTCCAGGGTACA,Sample_1006_1007_AGCTCTCCAGGGTACA,Sample_1006_1007
Sample_1006_1007_AGCTCTCCATAGTAAG,Sample_1006_1007_AGCTCTCCATAGTAAG,Sample_1006_1007
Sample_1006_1007_AGCTCTCGTTTACTCT,Sample_1006_1007_AGCTCTCGTTTACTCT,Sample_1006_1007
Sample_1006_1007_AGCTTGAGTCGGCTCA,Sample_1006_1007_AGCTTGAGTCGGCTCA,Sample_1006_1007
Sample_1006_1007_AGGCCACGTCCTCTTG,Sample_1006_1007_AGGCCACGTCCTCTTG,Sample_1006_1007
Sample_1006_1007_AGGCCACTCTTCTGGC,Sample_1006_1007_AGGCCACTCTTCTGGC,Sample_1006_1007
Sample_1006_1007_AGGCCGTTCCCACTTG,Sample_1006_1007_AGGCCGTTCCCACTTG,Sample_1006_1007
Sample_1006_1007_AGGCCGTTCGCTAGCG,Sample_1006_1007_AGGCCGTTCGCTAGCG,Sample_1006_1007
Sample_1006_1007_AGGGTGAAGTTCCACA,Sample_1006_1007_AGGGTGAAGTTCCACA,Sample_1006_1007
Sample_1006_1007_AGGTCCGGTGTGACCC,Sample_1006_1007_AGGTCCGGTGTGACCC,Sample_1006_1007
Sample_1006_1007_AGTAGTCCAGCTGCAC,Sample_1006_1007_AGTAGTCCAGCTGCAC,Sample_1006_1007
Sample_1006_1007_AGTCTTTAGGTGCAAC,Sample_1006_1007_AGTCTTTAGGTGCAAC,Sample_1006_1007
Sample_1006_1007_AGTGAGGGTGTAACGG,Sample_1006_1007_AGTGAGGGTGTAACGG,Sample_1006_1007
Sample_1006_1007_AGTGGGACAGGCTGAA,Sample_1006_1007_AGTGGGACAGGCTGAA,Sample_1006_1007
Sample_1006_1007_AGTGGGAGTGACGGTA,Sample_1006_1007_AGTGGGAGTGACGGTA,Sample_1006_1007
Sample_1006_1007_AGTGTCACACGCTTTC,Sample_1006_1007_AGTGTCACACGCTTTC,Sample_1006_1007
Sample_1006_1007_AGTGTCAGTGATAAGT,Sample_1006_1007_AGTGTCAGTGATAAGT,Sample_1006_1007
Sample_1006_1007_ATAAGAGCAGCTGTTA,Sample_1006_1007_ATAAGAGCAGCTGTTA,Sample_1006_1007
Sample_1006_1007_ATCACGATCGCCCTTA,Sample_1006_1007_ATCACGATCGCCCTTA,Sample_1006_1007
Sample_1006_1007_ATCATGGGTTTGCATG,Sample_1006_1007_ATCATGGGTTTGCATG,Sample_1006_1007
Sample_1006_1007_ATCATGGTCCGCATAA,Sample_1006_1007_ATCATGGTCCGCATAA,Sample_1006_1007
Sample_1006_1007_ATTACTCAGGTGGGTT,Sample_1006_1007_ATTACTCAGGTGGGTT,Sample_1006_1007
Sample_1006_1007_ATTCTACTCGCCTGAG,Sample_1006_1007_ATTCTACTCGCCTGAG,Sample_1006_1007
Sample_1006_1007_ATTGGTGGTGGCGAAT,Sample_1006_1007_ATTGGTGGTGGCGAAT,Sample_1006_1007
Sample_1006_1007_ATTTCTGGTAGCGTAG,Sample_1006_1007_ATTTCTGGTAGCGTAG,Sample_1006_1007
Sample_1006_1007_CAACCAACAGAAGCAC,Sample_1006_1007_CAACCAACAGAAGCAC,Sample_1006_1007
Sample_1006_1007_CAACCAACATTGTGCA,Sample_1006_1007_CAACCAACATTGTGCA,Sample_1006_1007
Sample_1006_1007_CAACCTCTCCCAACGG,Sample_1006_1007_CAACCTCTCCCAACGG,Sample_1006_1007
Sample_1006_1007_CAACCTCTCCTAGGGC,Sample_1006_1007_CAACCTCTCCTAGGGC,Sample_1006_1007
Sample_1006_1007_CAACTAGCAAACCCAT,Sample_1006_1007_CAACTAGCAAACCCAT,Sample_1006_1007
Sample_1006_1007_CAAGATCCATTTGCTT,Sample_1006_1007_CAAGATCCATTTGCTT,Sample_1006_1007
Sample_1006_1007_CAAGATCTCCTGTAGA,Sample_1006_1007_CAAGATCTCCTGTAGA,Sample_1006_1007
Sample_1006_1007_CAAGATCTCGTCGTTC,Sample_1006_1007_CAAGATCTCGTCGTTC,Sample_1006_1007
Sample_1006_1007_CAAGGCCCATGCTGGC,Sample_1006_1007_CAAGGCCCATGCTGGC,Sample_1006_1007
Sample_1006_1007_CAAGTTGGTACCGTAT,Sample_1006_1007_CAAGTTGGTACCGTAT,Sample_1006_1007
Sample_1006_1007_CAAGTTGGTGTAAGTA,Sample_1006_1007_CAAGTTGGTGTAAGTA,Sample_1006_1007
Sample_1006_1007_CACAAACAGTGACTCT,Sample_1006_1007_CACAAACAGTGACTCT,Sample_1006_1007
Sample_1006_1007_CACAAACTCAACGGCC,Sample_1006_1007_CACAAACTCAACGGCC,Sample_1006_1007
Sample_1006_1007_CACAGTATCCACGAAT,Sample_1006_1007_CACAGTATCCACGAAT,Sample_1006_1007
Sample_1006_1007_CACATAGTCATCTGCC,Sample_1006_1007_CACATAGTCATCTGCC,Sample_1006_1007
Sample_1006_1007_CACCAGGGTAAATGAC,Sample_1006_1007_CACCAGGGTAAATGAC,Sample_1006_1007
Sample_1006_1007_CAGAATCTCGCATGGC,Sample_1006_1007_CAGAATCTCGCATGGC,Sample_1006_1007
Sample_1006_1007_CAGCATACAAGCCATT,Sample_1006_1007_CAGCATACAAGCCATT,Sample_1006_1007
Sample_1006_1007_CAGCGACCACTCGACG,Sample_1006_1007_CAGCGACCACTCGACG,Sample_1006_1007
Sample_1006_1007_CAGCTAACACTTCTGC,Sample_1006_1007_CAGCTAACACTTCTGC,Sample_1006_1007
Sample_1006_1007_CAGCTGGAGATCCGAG,Sample_1006_1007_CAGCTGGAGATCCGAG,Sample_1006_1007
Sample_1006_1007_CAGTAACGTGTTGAGG,Sample_1006_1007_CAGTAACGTGTTGAGG,Sample_1006_1007
Sample_1006_1007_CAGTCCTAGACAGGCT,Sample_1006_1007_CAGTCCTAGACAGGCT,Sample_1006_1007
Sample_1006_1007_CATCAAGCAGGTTTCA,Sample_1006_1007_CATCAAGCAGGTTTCA,Sample_1006_1007
Sample_1006_1007_CATCAAGGTAAATACG,Sample_1006_1007_CATCAAGGTAAATACG,Sample_1006_1007
Sample_1006_1007_CATCAAGGTGACTCAT,Sample_1006_1007_CATCAAGGTGACTCAT,Sample_1006_1007
Sample_1006_1007_CATCAGATCACGCATA,Sample_1006_1007_CATCAGATCACGCATA,Sample_1006_1007
Sample_1006_1007_CATCCACAGAGTCGGT,Sample_1006_1007_CATCCACAGAGTCGGT,Sample_1006_1007
Sample_1006_1007_CATCGAAAGCAGGCTA,Sample_1006_1007_CATCGAAAGCAGGCTA,Sample_1006_1007
Sample_1006_1007_CATCGGGTCTGTGCAA,Sample_1006_1007_CATCGGGTCTGTGCAA,Sample_1006_1007
Sample_1006_1007_CATGCCTGTTTGTGTG,Sample_1006_1007_CATGCCTGTTTGTGTG,Sample_1006_1007
Sample_1006_1007_CATGGCGCAGACGCCT,Sample_1006_1007_CATGGCGCAGACGCCT,Sample_1006_1007
Sample_1006_1007_CATTATCAGTACACCT,Sample_1006_1007_CATTATCAGTACACCT,Sample_1006_1007
Sample_1006_1007_CATTCGCGTCAACTGT,Sample_1006_1007_CATTCGCGTCAACTGT,Sample_1006_1007
Sample_1006_1007_CATTCGCTCGGCTTGG,Sample_1006_1007_CATTCGCTCGGCTTGG,Sample_1006_1007
Sample_1006_1007_CCAATCCAGTGCAAGC,Sample_1006_1007_CCAATCCAGTGCAAGC,Sample_1006_1007
Sample_1006_1007_CCAATCCGTACTCAAC,Sample_1006_1007_CCAATCCGTACTCAAC,Sample_1006_1007
Sample_1006_1007_CCACGGACAGCTCGAC,Sample_1006_1007_CCACGGACAGCTCGAC,Sample_1006_1007
Sample_1006_1007_CCACGGAGTCCTGCTT,Sample_1006_1007_CCACGGAGTCCTGCTT,Sample_1006_1007
Sample_1006_1007_CCAGCGACATACTCTT,Sample_1006_1007_CCAGCGACATACTCTT,Sample_1006_1007
Sample_1006_1007_CCATGTCCATACGCCG,Sample_1006_1007_CCATGTCCATACGCCG,Sample_1006_1007
Sample_1006_1007_CCATTCGAGTGCCAGA,Sample_1006_1007_CCATTCGAGTGCCAGA,Sample_1006_1007
Sample_1006_1007_CCCAATCGTCCGACGT,Sample_1006_1007_CCCAATCGTCCGACGT,Sample_1006_1007
Sample_1006_1007_CCCAGTTCAAGCTGGA,Sample_1006_1007_CCCAGTTCAAGCTGGA,Sample_1006_1007
Sample_1006_1007_CCCATACCACTTAAGC,Sample_1006_1007_CCCATACCACTTAAGC,Sample_1006_1007
Sample_1006_1007_CCGGTAGCAAGTAGTA,Sample_1006_1007_CCGGTAGCAAGTAGTA,Sample_1006_1007
Sample_1006_1007_CCGGTAGTCACTTCAT,Sample_1006_1007_CCGGTAGTCACTTCAT,Sample_1006_1007
Sample_1006_1007_CCGTGGAAGAGTGAGA,Sample_1006_1007_CCGTGGAAGAGTGAGA,Sample_1006_1007
Sample_1006_1007_CCGTGGAGTATGAAAC,Sample_1006_1007_CCGTGGAGTATGAAAC,Sample_1006_1007
Sample_1006_1007_CCGTTCAAGAGTCGGT,Sample_1006_1007_CCGTTCAAGAGTCGGT,Sample_1006_1007
Sample_1006_1007_CCGTTCAAGATGTCGG,Sample_1006_1007_CCGTTCAAGATGTCGG,Sample_1006_1007
Sample_1006_1007_CCTAGCTCATGGTTGT,Sample_1006_1007_CCTAGCTCATGGTTGT,Sample_1006_1007
Sample_1006_1007_CCTAGCTTCGCTTGTC,Sample_1006_1007_CCTAGCTTCGCTTGTC,Sample_1006_1007
Sample_1006_1007_CCTATTAAGGTAGCTG,Sample_1006_1007_CCTATTAAGGTAGCTG,Sample_1006_1007
Sample_1006_1007_CCTCAGTTCTGCTGCT,Sample_1006_1007_CCTCAGTTCTGCTGCT,Sample_1006_1007
Sample_1006_1007_CCTCTGAGTACCGAGA,Sample_1006_1007_CCTCTGAGTACCGAGA,Sample_1006_1007
Sample_1006_1007_CCTTACGTCAATAAGG,Sample_1006_1007_CCTTACGTCAATAAGG,Sample_1006_1007
Sample_1006_1007_CCTTCCCAGTATCGAA,Sample_1006_1007_CCTTCCCAGTATCGAA,Sample_1006_1007
Sample_1006_1007_CCTTTCTTCTTGTCAT,Sample_1006_1007_CCTTTCTTCTTGTCAT,Sample_1006_1007
Sample_1006_1007_CGAACATAGCGTCAAG,Sample_1006_1007_CGAACATAGCGTCAAG,Sample_1006_1007
Sample_1006_1007_CGAACATCACAGCGTC,Sample_1006_1007_CGAACATCACAGCGTC,Sample_1006_1007
Sample_1006_1007_CGAACATTCTGTCTCG,Sample_1006_1007_CGAACATTCTGTCTCG,Sample_1006_1007
Sample_1006_1007_CGAATGTGTATTCGTG,Sample_1006_1007_CGAATGTGTATTCGTG,Sample_1006_1007
Sample_1006_1007_CGACCTTAGCTACCTA,Sample_1006_1007_CGACCTTAGCTACCTA,Sample_1006_1007
Sample_1006_1007_CGACCTTGTAAGAGAG,Sample_1006_1007_CGACCTTGTAAGAGAG,Sample_1006_1007
Sample_1006_1007_CGACTTCGTCTGCAAT,Sample_1006_1007_CGACTTCGTCTGCAAT,Sample_1006_1007
Sample_1006_1007_CGAGAAGAGGTTCCTA,Sample_1006_1007_CGAGAAGAGGTTCCTA,Sample_1006_1007
Sample_1006_1007_CGAGCACAGTTGAGTA,Sample_1006_1007_CGAGCACAGTTGAGTA,Sample_1006_1007
Sample_1006_1007_CGATCGGAGATGTCGG,Sample_1006_1007_CGATCGGAGATGTCGG,Sample_1006_1007
Sample_1006_1007_CGATCGGCATTTCACT,Sample_1006_1007_CGATCGGCATTTCACT,Sample_1006_1007
Sample_1006_1007_CGATCGGGTGAAATCA,Sample_1006_1007_CGATCGGGTGAAATCA,Sample_1006_1007
Sample_1006_1007_CGATCGGGTTGCGCAC,Sample_1006_1007_CGATCGGGTTGCGCAC,Sample_1006_1007
Sample_1006_1007_CGATGTATCCCTTGTG,Sample_1006_1007_CGATGTATCCCTTGTG,Sample_1006_1007
Sample_1006_1007_CGCTGGAAGCGTAGTG,Sample_1006_1007_CGCTGGAAGCGTAGTG,Sample_1006_1007
Sample_1006_1007_CGCTGGATCCTACAGA,Sample_1006_1007_CGCTGGATCCTACAGA,Sample_1006_1007
Sample_1006_1007_CGGACACCAGACAAAT,Sample_1006_1007_CGGACACCAGACAAAT,Sample_1006_1007
Sample_1006_1007_CGGACGTCATTGTGCA,Sample_1006_1007_CGGACGTCATTGTGCA,Sample_1006_1007
Sample_1006_1007_CGGACTGAGTTGAGAT,Sample_1006_1007_CGGACTGAGTTGAGAT,Sample_1006_1007
Sample_1006_1007_CGGAGCTAGATAGTCA,Sample_1006_1007_CGGAGCTAGATAGTCA,Sample_1006_1007
Sample_1006_1007_CGGAGCTTCGAGGTAG,Sample_1006_1007_CGGAGCTTCGAGGTAG,Sample_1006_1007
Sample_1006_1007_CGGAGTCGTGCGCTTG,Sample_1006_1007_CGGAGTCGTGCGCTTG,Sample_1006_1007
Sample_1006_1007_CGGCTAGAGCTGTTCA,Sample_1006_1007_CGGCTAGAGCTGTTCA,Sample_1006_1007
Sample_1006_1007_CGGGTCACAATGACCT,Sample_1006_1007_CGGGTCACAATGACCT,Sample_1006_1007
Sample_1006_1007_CGTAGCGAGACACTAA,Sample_1006_1007_CGTAGCGAGACACTAA,Sample_1006_1007
Sample_1006_1007_CGTAGGCAGCCAACAG,Sample_1006_1007_CGTAGGCAGCCAACAG,Sample_1006_1007
Sample_1006_1007_CGTAGGCCATGCGCAC,Sample_1006_1007_CGTAGGCCATGCGCAC,Sample_1006_1007
Sample_1006_1007_CGTAGGCGTCCTCTTG,Sample_1006_1007_CGTAGGCGTCCTCTTG,Sample_1006_1007
Sample_1006_1007_CGTCACTAGCAGACTG,Sample_1006_1007_CGTCACTAGCAGACTG,Sample_1006_1007
Sample_1006_1007_CGTCACTGTAGCAAAT,Sample_1006_1007_CGTCACTGTAGCAAAT,Sample_1006_1007
Sample_1006_1007_CGTCACTTCGCTAGCG,Sample_1006_1007_CGTCACTTCGCTAGCG,Sample_1006_1007
Sample_1006_1007_CGTCAGGCAGGGCATA,Sample_1006_1007_CGTCAGGCAGGGCATA,Sample_1006_1007
Sample_1006_1007_CGTCCATGTCGCTTTC,Sample_1006_1007_CGTCCATGTCGCTTTC,Sample_1006_1007
Sample_1006_1007_CGTCTACGTAGCCTAT,Sample_1006_1007_CGTCTACGTAGCCTAT,Sample_1006_1007
Sample_1006_1007_CGTCTACTCTTGCATT,Sample_1006_1007_CGTCTACTCTTGCATT,Sample_1006_1007
Sample_1006_1007_CGTGAGCAGCTAACAA,Sample_1006_1007_CGTGAGCAGCTAACAA,Sample_1006_1007
Sample_1006_1007_CGTGTAACAAGCCCAC,Sample_1006_1007_CGTGTAACAAGCCCAC,Sample_1006_1007
Sample_1006_1007_CGTGTAAGTCTCCACT,Sample_1006_1007_CGTGTAAGTCTCCACT,Sample_1006_1007
Sample_1006_1007_CGTTCTGCACCGAATT,Sample_1006_1007_CGTTCTGCACCGAATT,Sample_1006_1007
Sample_1006_1007_CTAACTTCAACGATGG,Sample_1006_1007_CTAACTTCAACGATGG,Sample_1006_1007
Sample_1006_1007_CTAAGACCATTACCTT,Sample_1006_1007_CTAAGACCATTACCTT,Sample_1006_1007
Sample_1006_1007_CTAATGGAGCCGCCTA,Sample_1006_1007_CTAATGGAGCCGCCTA,Sample_1006_1007
Sample_1006_1007_CTAATGGCAATTGCTG,Sample_1006_1007_CTAATGGCAATTGCTG,Sample_1006_1007
Sample_1006_1007_CTACACCAGACTTTCG,Sample_1006_1007_CTACACCAGACTTTCG,Sample_1006_1007
Sample_1006_1007_CTACATTAGGTGCAAC,Sample_1006_1007_CTACATTAGGTGCAAC,Sample_1006_1007
Sample_1006_1007_CTACATTTCACTGGGC,Sample_1006_1007_CTACATTTCACTGGGC,Sample_1006_1007
Sample_1006_1007_CTAGAGTCAAGTCATC,Sample_1006_1007_CTAGAGTCAAGTCATC,Sample_1006_1007
Sample_1006_1007_CTAGAGTTCGCAAGCC,Sample_1006_1007_CTAGAGTTCGCAAGCC,Sample_1006_1007
Sample_1006_1007_CTAGCCTTCAACTCTT,Sample_1006_1007_CTAGCCTTCAACTCTT,Sample_1006_1007
Sample_1006_1007_CTAGTGAAGAGGGCTT,Sample_1006_1007_CTAGTGAAGAGGGCTT,Sample_1006_1007
Sample_1006_1007_CTAGTGACATGAACCT,Sample_1006_1007_CTAGTGACATGAACCT,Sample_1006_1007
Sample_1006_1007_CTAGTGAGTGTGACCC,Sample_1006_1007_CTAGTGAGTGTGACCC,Sample_1006_1007
Sample_1006_1007_CTAGTGATCTGCTGTC,Sample_1006_1007_CTAGTGATCTGCTGTC,Sample_1006_1007
Sample_1006_1007_CTCATTAAGATGCCAG,Sample_1006_1007_CTCATTAAGATGCCAG,Sample_1006_1007
Sample_1006_1007_CTCGGAGGTGATGTGG,Sample_1006_1007_CTCGGAGGTGATGTGG,Sample_1006_1007
Sample_1006_1007_CTCGGGAGTGCTTCTC,Sample_1006_1007_CTCGGGAGTGCTTCTC,Sample_1006_1007
Sample_1006_1007_CTCGTCAAGTGAAGAG,Sample_1006_1007_CTCGTCAAGTGAAGAG,Sample_1006_1007
Sample_1006_1007_CTCGTCACATCCGTGG,Sample_1006_1007_CTCGTCACATCCGTGG,Sample_1006_1007
Sample_1006_1007_CTCTAATTCTTGTTTG,Sample_1006_1007_CTCTAATTCTTGTTTG,Sample_1006_1007
Sample_1006_1007_CTGAAGTAGCTACCTA,Sample_1006_1007_CTGAAGTAGCTACCTA,Sample_1006_1007
Sample_1006_1007_CTGCGGACACAGATTC,Sample_1006_1007_CTGCGGACACAGATTC,Sample_1006_1007
Sample_1006_1007_CTGCGGACAGCCAGAA,Sample_1006_1007_CTGCGGACAGCCAGAA,Sample_1006_1007
Sample_1006_1007_CTGCGGATCGTCTGCT,Sample_1006_1007_CTGCGGATCGTCTGCT,Sample_1006_1007
Sample_1006_1007_CTGCTGTCACTACAGT,Sample_1006_1007_CTGCTGTCACTACAGT,Sample_1006_1007
Sample_1006_1007_CTGTGCTCATCGTCGG,Sample_1006_1007_CTGTGCTCATCGTCGG,Sample_1006_1007
Sample_1006_1007_CTGTGCTCATTGGTAC,Sample_1006_1007_CTGTGCTCATTGGTAC,Sample_1006_1007
Sample_1006_1007_CTTAACTGTTCTGGTA,Sample_1006_1007_CTTAACTGTTCTGGTA,Sample_1006_1007
Sample_1006_1007_CTTAGGAAGGGCTCTC,Sample_1006_1007_CTTAGGAAGGGCTCTC,Sample_1006_1007
Sample_1006_1007_CTTAGGAAGTACGCGA,Sample_1006_1007_CTTAGGAAGTACGCGA,Sample_1006_1007
Sample_1006_1007_CTTAGGAGTGTGGCTC,Sample_1006_1007_CTTAGGAGTGTGGCTC,Sample_1006_1007
Sample_1006_1007_CTTCTCTAGGACGAAA,Sample_1006_1007_CTTCTCTAGGACGAAA,Sample_1006_1007
Sample_1006_1007_CTTGGCTTCTTGAGAC,Sample_1006_1007_CTTGGCTTCTTGAGAC,Sample_1006_1007
Sample_1006_1007_CTTTGCGAGATGAGAG,Sample_1006_1007_CTTTGCGAGATGAGAG,Sample_1006_1007
Sample_1006_1007_CTTTGCGTCCCTGACT,Sample_1006_1007_CTTTGCGTCCCTGACT,Sample_1006_1007
Sample_1006_1007_GAAACTCCAGACTCGC,Sample_1006_1007_GAAACTCCAGACTCGC,Sample_1006_1007
Sample_1006_1007_GAACGGAAGTCAAGCG,Sample_1006_1007_GAACGGAAGTCAAGCG,Sample_1006_1007
Sample_1006_1007_GAAGCAGTCATAAAGG,Sample_1006_1007_GAAGCAGTCATAAAGG,Sample_1006_1007
Sample_1006_1007_GAATAAGGTCAGGACA,Sample_1006_1007_GAATAAGGTCAGGACA,Sample_1006_1007
Sample_1006_1007_GAATAAGTCATCGGAT,Sample_1006_1007_GAATAAGTCATCGGAT,Sample_1006_1007
Sample_1006_1007_GAATGAATCTTACCTA,Sample_1006_1007_GAATGAATCTTACCTA,Sample_1006_1007
Sample_1006_1007_GACACGCCAGCCAATT,Sample_1006_1007_GACACGCCAGCCAATT,Sample_1006_1007
Sample_1006_1007_GACCAATCATGCATGT,Sample_1006_1007_GACCAATCATGCATGT,Sample_1006_1007
Sample_1006_1007_GACCAATTCTGGCGTG,Sample_1006_1007_GACCAATTCTGGCGTG,Sample_1006_1007
Sample_1006_1007_GACGCGTCACAGACAG,Sample_1006_1007_GACGCGTCACAGACAG,Sample_1006_1007
Sample_1006_1007_GACGGCTAGGTTCCTA,Sample_1006_1007_GACGGCTAGGTTCCTA,Sample_1006_1007
Sample_1006_1007_GACGGCTCAAGCGCTC,Sample_1006_1007_GACGGCTCAAGCGCTC,Sample_1006_1007
Sample_1006_1007_GACGGCTGTAAATACG,Sample_1006_1007_GACGGCTGTAAATACG,Sample_1006_1007
Sample_1006_1007_GACGTGCCACAGCGTC,Sample_1006_1007_GACGTGCCACAGCGTC,Sample_1006_1007
Sample_1006_1007_GACGTGCCATTAACCG,Sample_1006_1007_GACGTGCCATTAACCG,Sample_1006_1007
Sample_1006_1007_GACTAACAGTAGATGT,Sample_1006_1007_GACTAACAGTAGATGT,Sample_1006_1007
Sample_1006_1007_GACTACACATCACGAT,Sample_1006_1007_GACTACACATCACGAT,Sample_1006_1007
Sample_1006_1007_GACTACAGTAAGGGAA,Sample_1006_1007_GACTACAGTAAGGGAA,Sample_1006_1007
Sample_1006_1007_GACTGCGCAGCGTCCA,Sample_1006_1007_GACTGCGCAGCGTCCA,Sample_1006_1007
Sample_1006_1007_GACTGCGGTACATGTC,Sample_1006_1007_GACTGCGGTACATGTC,Sample_1006_1007
Sample_1006_1007_GACTGCGGTACCCAAT,Sample_1006_1007_GACTGCGGTACCCAAT,Sample_1006_1007
Sample_1006_1007_GAGGTGAGTAGGCATG,Sample_1006_1007_GAGGTGAGTAGGCATG,Sample_1006_1007
Sample_1006_1007_GAGGTGAGTCAAAGAT,Sample_1006_1007_GAGGTGAGTCAAAGAT,Sample_1006_1007
Sample_1006_1007_GAGGTGAGTGTTGGGA,Sample_1006_1007_GAGGTGAGTGTTGGGA,Sample_1006_1007
Sample_1006_1007_GATCGTAAGGGATGGG,Sample_1006_1007_GATCGTAAGGGATGGG,Sample_1006_1007
Sample_1006_1007_GATCGTAGTTTCCACC,Sample_1006_1007_GATCGTAGTTTCCACC,Sample_1006_1007
Sample_1006_1007_GATCTAGCAATAACGA,Sample_1006_1007_GATCTAGCAATAACGA,Sample_1006_1007
Sample_1006_1007_GATGAAAAGGACAGCT,Sample_1006_1007_GATGAAAAGGACAGCT,Sample_1006_1007
Sample_1006_1007_GATGAGGCACTCAGGC,Sample_1006_1007_GATGAGGCACTCAGGC,Sample_1006_1007
Sample_1006_1007_GATGCTACACAGGAGT,Sample_1006_1007_GATGCTACACAGGAGT,Sample_1006_1007
Sample_1006_1007_GATGCTACACTCAGGC,Sample_1006_1007_GATGCTACACTCAGGC,Sample_1006_1007
Sample_1006_1007_GATGCTACAGTAAGCG,Sample_1006_1007_GATGCTACAGTAAGCG,Sample_1006_1007
Sample_1006_1007_GCACATATCCGAAGAG,Sample_1006_1007_GCACATATCCGAAGAG,Sample_1006_1007
Sample_1006_1007_GCACTCTTCGAGCCCA,Sample_1006_1007_GCACTCTTCGAGCCCA,Sample_1006_1007
Sample_1006_1007_GCAGCCAAGCCACCTG,Sample_1006_1007_GCAGCCAAGCCACCTG,Sample_1006_1007
Sample_1006_1007_GCATACAAGAAGGGTA,Sample_1006_1007_GCATACAAGAAGGGTA,Sample_1006_1007
Sample_1006_1007_GCATACACATTTGCTT,Sample_1006_1007_GCATACACATTTGCTT,Sample_1006_1007
Sample_1006_1007_GCATACATCCTGTAGA,Sample_1006_1007_GCATACATCCTGTAGA,Sample_1006_1007
Sample_1006_1007_GCATGATAGACTGGGT,Sample_1006_1007_GCATGATAGACTGGGT,Sample_1006_1007
Sample_1006_1007_GCATGATTCATTGCGA,Sample_1006_1007_GCATGATTCATTGCGA,Sample_1006_1007
Sample_1006_1007_GCATGCGTCGTCCGTT,Sample_1006_1007_GCATGCGTCGTCCGTT,Sample_1006_1007
Sample_1006_1007_GCCAAATAGTGTGAAT,Sample_1006_1007_GCCAAATAGTGTGAAT,Sample_1006_1007
Sample_1006_1007_GCCAAATGTTCACCTC,Sample_1006_1007_GCCAAATGTTCACCTC,Sample_1006_1007
Sample_1006_1007_GCCAAATTCGTGACAT,Sample_1006_1007_GCCAAATTCGTGACAT,Sample_1006_1007
Sample_1006_1007_GCCTCTAAGCTATGCT,Sample_1006_1007_GCCTCTAAGCTATGCT,Sample_1006_1007
Sample_1006_1007_GCCTCTAGTCTCACCT,Sample_1006_1007_GCCTCTAGTCTCACCT,Sample_1006_1007
Sample_1006_1007_GCGCAGTCATATACCG,Sample_1006_1007_GCGCAGTCATATACCG,Sample_1006_1007
Sample_1006_1007_GCGCAGTGTGGCCCTA,Sample_1006_1007_GCGCAGTGTGGCCCTA,Sample_1006_1007
Sample_1006_1007_GCTCCTAGTCGTCTTC,Sample_1006_1007_GCTCCTAGTCGTCTTC,Sample_1006_1007
Sample_1006_1007_GCTCTGTCACTGCCAG,Sample_1006_1007_GCTCTGTCACTGCCAG,Sample_1006_1007
Sample_1006_1007_GCTCTGTGTTTGCATG,Sample_1006_1007_GCTCTGTGTTTGCATG,Sample_1006_1007
Sample_1006_1007_GCTGGGTAGTGATCGG,Sample_1006_1007_GCTGGGTAGTGATCGG,Sample_1006_1007
Sample_1006_1007_GCTTCCATCCTAGAAC,Sample_1006_1007_GCTTCCATCCTAGAAC,Sample_1006_1007
Sample_1006_1007_GCTTCCATCCTCAACC,Sample_1006_1007_GCTTCCATCCTCAACC,Sample_1006_1007
Sample_1006_1007_GGAAAGCTCACATAGC,Sample_1006_1007_GGAAAGCTCACATAGC,Sample_1006_1007
Sample_1006_1007_GGAATAAAGGCATGTG,Sample_1006_1007_GGAATAAAGGCATGTG,Sample_1006_1007
Sample_1006_1007_GGACAGAGTCCTCCAT,Sample_1006_1007_GGACAGAGTCCTCCAT,Sample_1006_1007
Sample_1006_1007_GGACAGAGTGAGTATA,Sample_1006_1007_GGACAGAGTGAGTATA,Sample_1006_1007
Sample_1006_1007_GGACATTGTGCAGACA,Sample_1006_1007_GGACATTGTGCAGACA,Sample_1006_1007
Sample_1006_1007_GGACATTTCTGACCTC,Sample_1006_1007_GGACATTTCTGACCTC,Sample_1006_1007
Sample_1006_1007_GGACGTCCAATGAAAC,Sample_1006_1007_GGACGTCCAATGAAAC,Sample_1006_1007
Sample_1006_1007_GGATGTTAGCGGCTTC,Sample_1006_1007_GGATGTTAGCGGCTTC,Sample_1006_1007
Sample_1006_1007_GGATGTTGTATTACCG,Sample_1006_1007_GGATGTTGTATTACCG,Sample_1006_1007
Sample_1006_1007_GGCAATTAGGGCTTCC,Sample_1006_1007_GGCAATTAGGGCTTCC,Sample_1006_1007
Sample_1006_1007_GGCGACTAGCCGCCTA,Sample_1006_1007_GGCGACTAGCCGCCTA,Sample_1006_1007
Sample_1006_1007_GGCGTGTAGAACTCGG,Sample_1006_1007_GGCGTGTAGAACTCGG,Sample_1006_1007
Sample_1006_1007_GGCTCGACAATCCAAC,Sample_1006_1007_GGCTCGACAATCCAAC,Sample_1006_1007
Sample_1006_1007_GGCTCGAGTTACTGAC,Sample_1006_1007_GGCTCGAGTTACTGAC,Sample_1006_1007
Sample_1006_1007_GGCTGGTAGAGAACAG,Sample_1006_1007_GGCTGGTAGAGAACAG,Sample_1006_1007
Sample_1006_1007_GGCTGGTCATGCCTAA,Sample_1006_1007_GGCTGGTCATGCCTAA,Sample_1006_1007
Sample_1006_1007_GGCTGGTGTATCGCAT,Sample_1006_1007_GGCTGGTGTATCGCAT,Sample_1006_1007
Sample_1006_1007_GGCTGGTGTGTTTGGT,Sample_1006_1007_GGCTGGTGTGTTTGGT,Sample_1006_1007
Sample_1006_1007_GGGACCTGTTGTCGCG,Sample_1006_1007_GGGACCTGTTGTCGCG,Sample_1006_1007
Sample_1006_1007_GGGAGATAGTTTCCTT,Sample_1006_1007_GGGAGATAGTTTCCTT,Sample_1006_1007
Sample_1006_1007_GGGAGATCAGATAATG,Sample_1006_1007_GGGAGATCAGATAATG,Sample_1006_1007
Sample_1006_1007_GGGAGATTCGCGGATC,Sample_1006_1007_GGGAGATTCGCGGATC,Sample_1006_1007
Sample_1006_1007_GGGATGAAGCTCTCGG,Sample_1006_1007_GGGATGAAGCTCTCGG,Sample_1006_1007
Sample_1006_1007_GGGATGACAAGCTGGA,Sample_1006_1007_GGGATGACAAGCTGGA,Sample_1006_1007
Sample_1006_1007_GGGATGAGTTCGGGCT,Sample_1006_1007_GGGATGAGTTCGGGCT,Sample_1006_1007
Sample_1006_1007_GGGTCTGTCAGCTGGC,Sample_1006_1007_GGGTCTGTCAGCTGGC,Sample_1006_1007
Sample_1006_1007_GGTGAAGTCTAAGCCA,Sample_1006_1007_GGTGAAGTCTAAGCCA,Sample_1006_1007
Sample_1006_1007_GGTGCGTAGCTGTCTA,Sample_1006_1007_GGTGCGTAGCTGTCTA,Sample_1006_1007
Sample_1006_1007_GGTGCGTTCCCTTGCA,Sample_1006_1007_GGTGCGTTCCCTTGCA,Sample_1006_1007
Sample_1006_1007_GGTGTTACAAAGGTGC,Sample_1006_1007_GGTGTTACAAAGGTGC,Sample_1006_1007
Sample_1006_1007_GTAACGTCATCGATGT,Sample_1006_1007_GTAACGTCATCGATGT,Sample_1006_1007
Sample_1006_1007_GTAACGTTCTACCAGA,Sample_1006_1007_GTAACGTTCTACCAGA,Sample_1006_1007
Sample_1006_1007_GTAACTGTCGCCGTGA,Sample_1006_1007_GTAACTGTCGCCGTGA,Sample_1006_1007
Sample_1006_1007_GTACGTAAGAAGCCCA,Sample_1006_1007_GTACGTAAGAAGCCCA,Sample_1006_1007
Sample_1006_1007_GTACGTATCTGTTGAG,Sample_1006_1007_GTACGTATCTGTTGAG,Sample_1006_1007
Sample_1006_1007_GTACTTTCAAAGTGCG,Sample_1006_1007_GTACTTTCAAAGTGCG,Sample_1006_1007
Sample_1006_1007_GTAGTCACACAAGTAA,Sample_1006_1007_GTAGTCACACAAGTAA,Sample_1006_1007
Sample_1006_1007_GTATTCTGTTAGAACA,Sample_1006_1007_GTATTCTGTTAGAACA,Sample_1006_1007
Sample_1006_1007_GTATTCTTCAACGGCC,Sample_1006_1007_GTATTCTTCAACGGCC,Sample_1006_1007
Sample_1006_1007_GTCAAGTTCCAGATCA,Sample_1006_1007_GTCAAGTTCCAGATCA,Sample_1006_1007
Sample_1006_1007_GTCACAATCAAGCCTA,Sample_1006_1007_GTCACAATCAAGCCTA,Sample_1006_1007
Sample_1006_1007_GTCACAATCCATGAAC,Sample_1006_1007_GTCACAATCCATGAAC,Sample_1006_1007
Sample_1006_1007_GTCACGGGTATTCGTG,Sample_1006_1007_GTCACGGGTATTCGTG,Sample_1006_1007
Sample_1006_1007_GTCTCGTCAGGAACGT,Sample_1006_1007_GTCTCGTCAGGAACGT,Sample_1006_1007
Sample_1006_1007_GTCTCGTGTGCCTGGT,Sample_1006_1007_GTCTCGTGTGCCTGGT,Sample_1006_1007
Sample_1006_1007_GTCTTCGCACTTAAGC,Sample_1006_1007_GTCTTCGCACTTAAGC,Sample_1006_1007
Sample_1006_1007_GTGCAGCCAATAGCAA,Sample_1006_1007_GTGCAGCCAATAGCAA,Sample_1006_1007
Sample_1006_1007_GTGCAGCCATGCCTAA,Sample_1006_1007_GTGCAGCCATGCCTAA,Sample_1006_1007
Sample_1006_1007_GTGCGGTGTCGATTGT,Sample_1006_1007_GTGCGGTGTCGATTGT,Sample_1006_1007
Sample_1006_1007_GTGCTTCAGACGACGT,Sample_1006_1007_GTGCTTCAGACGACGT,Sample_1006_1007
Sample_1006_1007_GTGGGTCTCAAGATCC,Sample_1006_1007_GTGGGTCTCAAGATCC,Sample_1006_1007
Sample_1006_1007_GTGTTAGGTAGCCTAT,Sample_1006_1007_GTGTTAGGTAGCCTAT,Sample_1006_1007
Sample_1006_1007_GTTCATTGTTCCTCCA,Sample_1006_1007_GTTCATTGTTCCTCCA,Sample_1006_1007
Sample_1006_1007_GTTCTCGCATGCCTAA,Sample_1006_1007_GTTCTCGCATGCCTAA,Sample_1006_1007
Sample_1006_1007_GTTCTCGGTGTTTGGT,Sample_1006_1007_GTTCTCGGTGTTTGGT,Sample_1006_1007
Sample_1006_1007_TAAACCGAGGGCTTGA,Sample_1006_1007_TAAACCGAGGGCTTGA,Sample_1006_1007
Sample_1006_1007_TAAGTGCAGTACTTGC,Sample_1006_1007_TAAGTGCAGTACTTGC,Sample_1006_1007
Sample_1006_1007_TACAGTGTCTGGCGAC,Sample_1006_1007_TACAGTGTCTGGCGAC,Sample_1006_1007
Sample_1006_1007_TACCTATGTTGTGGCC,Sample_1006_1007_TACCTATGTTGTGGCC,Sample_1006_1007
Sample_1006_1007_TACGGATAGCGACGTA,Sample_1006_1007_TACGGATAGCGACGTA,Sample_1006_1007
Sample_1006_1007_TACGGATGTCGCGTGT,Sample_1006_1007_TACGGATGTCGCGTGT,Sample_1006_1007
Sample_1006_1007_TACGGGCAGAACTGTA,Sample_1006_1007_TACGGGCAGAACTGTA,Sample_1006_1007
Sample_1006_1007_TACGGTAAGGACTGGT,Sample_1006_1007_TACGGTAAGGACTGGT,Sample_1006_1007
Sample_1006_1007_TACTCATAGATGCGAC,Sample_1006_1007_TACTCATAGATGCGAC,Sample_1006_1007
Sample_1006_1007_TACTCATGTATCAGTC,Sample_1006_1007_TACTCATGTATCAGTC,Sample_1006_1007
Sample_1006_1007_TACTCGCTCAATAAGG,Sample_1006_1007_TACTCGCTCAATAAGG,Sample_1006_1007
Sample_1006_1007_TACTCGCTCTGCGGCA,Sample_1006_1007_TACTCGCTCTGCGGCA,Sample_1006_1007
Sample_1006_1007_TACTTGTGTTAGATGA,Sample_1006_1007_TACTTGTGTTAGATGA,Sample_1006_1007
Sample_1006_1007_TAGAGCTCATTGAGCT,Sample_1006_1007_TAGAGCTCATTGAGCT,Sample_1006_1007
Sample_1006_1007_TAGAGCTGTTGTCTTT,Sample_1006_1007_TAGAGCTGTTGTCTTT,Sample_1006_1007
Sample_1006_1007_TAGAGCTTCCACGTTC,Sample_1006_1007_TAGAGCTTCCACGTTC,Sample_1006_1007
Sample_1006_1007_TAGGCATAGGCCCTCA,Sample_1006_1007_TAGGCATAGGCCCTCA,Sample_1006_1007
Sample_1006_1007_TAGTGGTGTCCGTTAA,Sample_1006_1007_TAGTGGTGTCCGTTAA,Sample_1006_1007
Sample_1006_1007_TATCAGGTCATTATCC,Sample_1006_1007_TATCAGGTCATTATCC,Sample_1006_1007
Sample_1006_1007_TATGCCCGTCACCCAG,Sample_1006_1007_TATGCCCGTCACCCAG,Sample_1006_1007
Sample_1006_1007_TATGCCCGTCACTGGC,Sample_1006_1007_TATGCCCGTCACTGGC,Sample_1006_1007
Sample_1006_1007_TATGCCCGTTACGGAG,Sample_1006_1007_TATGCCCGTTACGGAG,Sample_1006_1007
Sample_1006_1007_TATTACCAGGAATTAC,Sample_1006_1007_TATTACCAGGAATTAC,Sample_1006_1007
Sample_1006_1007_TATTACCTCACCATAG,Sample_1006_1007_TATTACCTCACCATAG,Sample_1006_1007
Sample_1006_1007_TATTACCTCCTTGCCA,Sample_1006_1007_TATTACCTCCTTGCCA,Sample_1006_1007
Sample_1006_1007_TCAACGACATAAGACA,Sample_1006_1007_TCAACGACATAAGACA,Sample_1006_1007
Sample_1006_1007_TCAATCTGTTTGGGCC,Sample_1006_1007_TCAATCTGTTTGGGCC,Sample_1006_1007
Sample_1006_1007_TCACAAGGTCTAGCGC,Sample_1006_1007_TCACAAGGTCTAGCGC,Sample_1006_1007
Sample_1006_1007_TCAGCAATCGAATGCT,Sample_1006_1007_TCAGCAATCGAATGCT,Sample_1006_1007
Sample_1006_1007_TCAGGATTCTAAGCCA,Sample_1006_1007_TCAGGATTCTAAGCCA,Sample_1006_1007
Sample_1006_1007_TCAGGTACAGCTCCGA,Sample_1006_1007_TCAGGTACAGCTCCGA,Sample_1006_1007
Sample_1006_1007_TCATTACAGTGTCCCG,Sample_1006_1007_TCATTACAGTGTCCCG,Sample_1006_1007
Sample_1006_1007_TCATTTGAGCACCGCT,Sample_1006_1007_TCATTTGAGCACCGCT,Sample_1006_1007
Sample_1006_1007_TCCACACAGCGTAATA,Sample_1006_1007_TCCACACAGCGTAATA,Sample_1006_1007
Sample_1006_1007_TCCACACCATAGGATA,Sample_1006_1007_TCCACACCATAGGATA,Sample_1006_1007
Sample_1006_1007_TCCCGATAGAGCAATT,Sample_1006_1007_TCCCGATAGAGCAATT,Sample_1006_1007
Sample_1006_1007_TCCCGATGTAGGGACT,Sample_1006_1007_TCCCGATGTAGGGACT,Sample_1006_1007
Sample_1006_1007_TCGAGGCCACCCATTC,Sample_1006_1007_TCGAGGCCACCCATTC,Sample_1006_1007
Sample_1006_1007_TCGCGTTAGATGTAAC,Sample_1006_1007_TCGCGTTAGATGTAAC,Sample_1006_1007
Sample_1006_1007_TCGCGTTTCACAATGC,Sample_1006_1007_TCGCGTTTCACAATGC,Sample_1006_1007
Sample_1006_1007_TCGGTAAAGACCACGA,Sample_1006_1007_TCGGTAAAGACCACGA,Sample_1006_1007
Sample_1006_1007_TCTCATAAGTCCCACG,Sample_1006_1007_TCTCATAAGTCCCACG,Sample_1006_1007
Sample_1006_1007_TCTCTAACATACGCCG,Sample_1006_1007_TCTCTAACATACGCCG,Sample_1006_1007
Sample_1006_1007_TCTCTAATCGTGACAT,Sample_1006_1007_TCTCTAATCGTGACAT,Sample_1006_1007
Sample_1006_1007_TCTGAGACATAAGACA,Sample_1006_1007_TCTGAGACATAAGACA,Sample_1006_1007
Sample_1006_1007_TCTGAGACATCACCCT,Sample_1006_1007_TCTGAGACATCACCCT,Sample_1006_1007
Sample_1006_1007_TCTGAGATCTCGATGA,Sample_1006_1007_TCTGAGATCTCGATGA,Sample_1006_1007
Sample_1006_1007_TCTGGAAAGACAAAGG,Sample_1006_1007_TCTGGAAAGACAAAGG,Sample_1006_1007
Sample_1006_1007_TCTGGAAGTAAACCTC,Sample_1006_1007_TCTGGAAGTAAACCTC,Sample_1006_1007
Sample_1006_1007_TGAAAGAGTTGGGACA,Sample_1006_1007_TGAAAGAGTTGGGACA,Sample_1006_1007
Sample_1006_1007_TGACAACCATACGCTA,Sample_1006_1007_TGACAACCATACGCTA,Sample_1006_1007
Sample_1006_1007_TGACGGCTCCTAGAAC,Sample_1006_1007_TGACGGCTCCTAGAAC,Sample_1006_1007
Sample_1006_1007_TGACGGCTCTTGAGAC,Sample_1006_1007_TGACGGCTCTTGAGAC,Sample_1006_1007
Sample_1006_1007_TGACTAGAGTGCTGCC,Sample_1006_1007_TGACTAGAGTGCTGCC,Sample_1006_1007
Sample_1006_1007_TGACTTTAGCCACGTC,Sample_1006_1007_TGACTTTAGCCACGTC,Sample_1006_1007
Sample_1006_1007_TGAGAGGAGCCCAATT,Sample_1006_1007_TGAGAGGAGCCCAATT,Sample_1006_1007
Sample_1006_1007_TGAGCATCAAGCGTAG,Sample_1006_1007_TGAGCATCAAGCGTAG,Sample_1006_1007
Sample_1006_1007_TGAGCATGTTACGACT,Sample_1006_1007_TGAGCATGTTACGACT,Sample_1006_1007
Sample_1006_1007_TGAGGGACACATCCGG,Sample_1006_1007_TGAGGGACACATCCGG,Sample_1006_1007
Sample_1006_1007_TGCCAAATCCTTTACA,Sample_1006_1007_TGCCAAATCCTTTACA,Sample_1006_1007
Sample_1006_1007_TGCCCATAGAAGGGTA,Sample_1006_1007_TGCCCATAGAAGGGTA,Sample_1006_1007
Sample_1006_1007_TGCGCAGCACACATGT,Sample_1006_1007_TGCGCAGCACACATGT,Sample_1006_1007
Sample_1006_1007_TGCGCAGGTTCGAATC,Sample_1006_1007_TGCGCAGGTTCGAATC,Sample_1006_1007
Sample_1006_1007_TGCGCAGTCACGAAGG,Sample_1006_1007_TGCGCAGTCACGAAGG,Sample_1006_1007
Sample_1006_1007_TGCGTGGTCGCCTGTT,Sample_1006_1007_TGCGTGGTCGCCTGTT,Sample_1006_1007
Sample_1006_1007_TGCTACCCAATAAGCA,Sample_1006_1007_TGCTACCCAATAAGCA,Sample_1006_1007
Sample_1006_1007_TGCTACCCACGTGAGA,Sample_1006_1007_TGCTACCCACGTGAGA,Sample_1006_1007
Sample_1006_1007_TGCTACCGTCAGAGGT,Sample_1006_1007_TGCTACCGTCAGAGGT,Sample_1006_1007
Sample_1006_1007_TGCTACCTCAGCCTAA,Sample_1006_1007_TGCTACCTCAGCCTAA,Sample_1006_1007
Sample_1006_1007_TGCTGCTAGGGCTTGA,Sample_1006_1007_TGCTGCTAGGGCTTGA,Sample_1006_1007
Sample_1006_1007_TGCTGCTGTAAGTTCC,Sample_1006_1007_TGCTGCTGTAAGTTCC,Sample_1006_1007
Sample_1006_1007_TGGACGCCAAGACGTG,Sample_1006_1007_TGGACGCCAAGACGTG,Sample_1006_1007
Sample_1006_1007_TGGACGCGTTACTGAC,Sample_1006_1007_TGGACGCGTTACTGAC,Sample_1006_1007
Sample_1006_1007_TGGCCAGCAATGCCAT,Sample_1006_1007_TGGCCAGCAATGCCAT,Sample_1006_1007
Sample_1006_1007_TGGCGCACAGATGAGC,Sample_1006_1007_TGGCGCACAGATGAGC,Sample_1006_1007
Sample_1006_1007_TGGCTGGGTGCACCAC,Sample_1006_1007_TGGCTGGGTGCACCAC,Sample_1006_1007
Sample_1006_1007_TGGCTGGTCATAAAGG,Sample_1006_1007_TGGCTGGTCATAAAGG,Sample_1006_1007
Sample_1006_1007_TGGGAAGCATTACGAC,Sample_1006_1007_TGGGAAGCATTACGAC,Sample_1006_1007
Sample_1006_1007_TGGGAAGCATTCGACA,Sample_1006_1007_TGGGAAGCATTCGACA,Sample_1006_1007
Sample_1006_1007_TGGGCGTGTAAACCTC,Sample_1006_1007_TGGGCGTGTAAACCTC,Sample_1006_1007
Sample_1006_1007_TGGTTAGTCCATTCTA,Sample_1006_1007_TGGTTAGTCCATTCTA,Sample_1006_1007
Sample_1006_1007_TGGTTCCGTATAAACG,Sample_1006_1007_TGGTTCCGTATAAACG,Sample_1006_1007
Sample_1006_1007_TGTATTCTCCTAGAAC,Sample_1006_1007_TGTATTCTCCTAGAAC,Sample_1006_1007
Sample_1006_1007_TGTGGTAAGACTCGGA,Sample_1006_1007_TGTGGTAAGACTCGGA,Sample_1006_1007
Sample_1006_1007_TGTGGTAGTCCAGTGC,Sample_1006_1007_TGTGGTAGTCCAGTGC,Sample_1006_1007
Sample_1006_1007_TGTGTTTCAGCCTTTC,Sample_1006_1007_TGTGTTTCAGCCTTTC,Sample_1006_1007
Sample_1006_1007_TGTGTTTTCATGTGGT,Sample_1006_1007_TGTGTTTTCATGTGGT,Sample_1006_1007
Sample_1006_1007_TGTGTTTTCGTTACGA,Sample_1006_1007_TGTGTTTTCGTTACGA,Sample_1006_1007
Sample_1006_1007_TGTTCCGGTATTCGTG,Sample_1006_1007_TGTTCCGGTATTCGTG,Sample_1006_1007
Sample_1006_1007_TTAACTCAGCTCCTCT,Sample_1006_1007_TTAACTCAGCTCCTCT,Sample_1006_1007
Sample_1006_1007_TTAGGACCAAGGGTCA,Sample_1006_1007_TTAGGACCAAGGGTCA,Sample_1006_1007
Sample_1006_1007_TTAGGCAGTTCGTGAT,Sample_1006_1007_TTAGGCAGTTCGTGAT,Sample_1006_1007
Sample_1006_1007_TTAGGCATCACAAACC,Sample_1006_1007_TTAGGCATCACAAACC,Sample_1006_1007
Sample_1006_1007_TTAGTTCAGGTAGCCA,Sample_1006_1007_TTAGTTCAGGTAGCCA,Sample_1006_1007
Sample_1006_1007_TTATGCTCACAGGTTT,Sample_1006_1007_TTATGCTCACAGGTTT,Sample_1006_1007
Sample_1006_1007_TTATGCTTCGTTGCCT,Sample_1006_1007_TTATGCTTCGTTGCCT,Sample_1006_1007
Sample_1006_1007_TTCGAAGGTAAGGGAA,Sample_1006_1007_TTCGAAGGTAAGGGAA,Sample_1006_1007
Sample_1006_1007_TTCGAAGTCTCCCTGA,Sample_1006_1007_TTCGAAGTCTCCCTGA,Sample_1006_1007
Sample_1006_1007_TTCTCCTAGGAATGGA,Sample_1006_1007_TTCTCCTAGGAATGGA,Sample_1006_1007
Sample_1006_1007_TTCTCCTCATATGAGA,Sample_1006_1007_TTCTCCTCATATGAGA,Sample_1006_1007
Sample_1006_1007_TTCTCCTTCTCCGGTT,Sample_1006_1007_TTCTCCTTCTCCGGTT,Sample_1006_1007
Sample_1006_1007_TTCTTAGAGCGAAGGG,Sample_1006_1007_TTCTTAGAGCGAAGGG,Sample_1006_1007
Sample_1006_1007_TTCTTAGAGTAAGTAC,Sample_1006_1007_TTCTTAGAGTAAGTAC,Sample_1006_1007
Sample_1006_1007_TTGAACGGTTCGAATC,Sample_1006_1007_TTGAACGGTTCGAATC,Sample_1006_1007
Sample_1006_1007_TTGCCGTCAATACGCT,Sample_1006_1007_TTGCCGTCAATACGCT,Sample_1006_1007
Sample_1006_1007_TTGCCGTGTCATATGC,Sample_1006_1007_TTGCCGTGTCATATGC,Sample_1006_1007
Sample_1006_1007_TTGCGTCAGTCCTCCT,Sample_1006_1007_TTGCGTCAGTCCTCCT,Sample_1006_1007
Sample_1006_1007_TTGCGTCGTACACCGC,Sample_1006_1007_TTGCGTCGTACACCGC,Sample_1006_1007
Sample_1006_1007_TTGCGTCTCACTCTTA,Sample_1006_1007_TTGCGTCTCACTCTTA,Sample_1006_1007
Sample_1006_1007_TTGGCAAGTTCAGACT,Sample_1006_1007_TTGGCAAGTTCAGACT,Sample_1006_1007
Sample_1006_1007_TTGTAGGCACAGTCGC,Sample_1006_1007_TTGTAGGCACAGTCGC,Sample_1006_1007
Sample_1006_1007_TTGTAGGTCAGCTCTC,Sample_1006_1007_TTGTAGGTCAGCTCTC,Sample_1006_1007
Sample_1006_1007_TTTACTGAGGTAGCTG,Sample_1006_1007_TTTACTGAGGTAGCTG,Sample_1006_1007
Sample_1006_1007_TTTACTGCACATGACT,Sample_1006_1007_TTTACTGCACATGACT,Sample_1006_1007
Sample_1006_1007_TTTATGCAGGCTCAGA,Sample_1006_1007_TTTATGCAGGCTCAGA,Sample_1006_1007
Sample_1006_1007_TTTATGCGTGAAAGAG,Sample_1006_1007_TTTATGCGTGAAAGAG,Sample_1006_1007
Sample_1006_1007_TTTGCGCGTAAGGATT,Sample_1006_1007_TTTGCGCGTAAGGATT,Sample_1006_1007
Sample_1006_1007_TTTGCGCGTTGGGACA,Sample_1006_1007_TTTGCGCGTTGGGACA,Sample_1006_1007
Sample_1050_1051_AAAGATGGTCGACTAT,Sample_1050_1051_AAAGATGGTCGACTAT,Sample_1050_1051
Sample_1050_1051_AAAGATGGTCTAGGTT,Sample_1050_1051_AAAGATGGTCTAGGTT,Sample_1050_1051
Sample_1050_1051_AAAGATGGTGCGAAAC,Sample_1050_1051_AAAGATGGTGCGAAAC,Sample_1050_1051
Sample_1050_1051_AAAGCAAGTAGTGAAT,Sample_1050_1051_AAAGCAAGTAGTGAAT,Sample_1050_1051
Sample_1050_1051_AAAGTAGGTTTCCACC,Sample_1050_1051_AAAGTAGGTTTCCACC,Sample_1050_1051
Sample_1050_1051_AAAGTAGTCGGTTAAC,Sample_1050_1051_AAAGTAGTCGGTTAAC,Sample_1050_1051
Sample_1050_1051_AAATGCCCACCTATCC,Sample_1050_1051_AAATGCCCACCTATCC,Sample_1050_1051
Sample_1050_1051_AAATGCCCACGGTTTA,Sample_1050_1051_AAATGCCCACGGTTTA,Sample_1050_1051
Sample_1050_1051_AAATGCCGTAGCACGA,Sample_1050_1051_AAATGCCGTAGCACGA,Sample_1050_1051
Sample_1050_1051_AACCATGGTACAGCAG,Sample_1050_1051_AACCATGGTACAGCAG,Sample_1050_1051
Sample_1050_1051_AACCATGTCTATCGCC,Sample_1050_1051_AACCATGTCTATCGCC,Sample_1050_1051
Sample_1050_1051_AACCGCGGTCGAGATG,Sample_1050_1051_AACCGCGGTCGAGATG,Sample_1050_1051
Sample_1050_1051_AACGTTGAGCGATTCT,Sample_1050_1051_AACGTTGAGCGATTCT,Sample_1050_1051
Sample_1050_1051_AACGTTGGTACAAGTA,Sample_1050_1051_AACGTTGGTACAAGTA,Sample_1050_1051
Sample_1050_1051_AACTCCCAGAGCTGCA,Sample_1050_1051_AACTCCCAGAGCTGCA,Sample_1050_1051
Sample_1050_1051_AACTCTTAGTTGAGAT,Sample_1050_1051_AACTCTTAGTTGAGAT,Sample_1050_1051
Sample_1050_1051_AACTCTTTCCAAACAC,Sample_1050_1051_AACTCTTTCCAAACAC,Sample_1050_1051
Sample_1050_1051_AACTGGTAGAGCTGCA,Sample_1050_1051_AACTGGTAGAGCTGCA,Sample_1050_1051
Sample_1050_1051_AACTGGTAGAGGGATA,Sample_1050_1051_AACTGGTAGAGGGATA,Sample_1050_1051
Sample_1050_1051_AACTGGTCACTTGGAT,Sample_1050_1051_AACTGGTCACTTGGAT,Sample_1050_1051
Sample_1050_1051_AACTGGTCAGGCTGAA,Sample_1050_1051_AACTGGTCAGGCTGAA,Sample_1050_1051
Sample_1050_1051_AACTTTCCATAGTAAG,Sample_1050_1051_AACTTTCCATAGTAAG,Sample_1050_1051
Sample_1050_1051_AAGACCTAGAGTAATC,Sample_1050_1051_AAGACCTAGAGTAATC,Sample_1050_1051
Sample_1050_1051_AAGACCTCAAGCGAGT,Sample_1050_1051_AAGACCTCAAGCGAGT,Sample_1050_1051
Sample_1050_1051_AAGGAGCAGGCTAGAC,Sample_1050_1051_AAGGAGCAGGCTAGAC,Sample_1050_1051
Sample_1050_1051_AAGGAGCTCAATCTCT,Sample_1050_1051_AAGGAGCTCAATCTCT,Sample_1050_1051
Sample_1050_1051_AAGGCAGAGATGGCGT,Sample_1050_1051_AAGGCAGAGATGGCGT,Sample_1050_1051
Sample_1050_1051_AAGTCTGAGAAACCAT,Sample_1050_1051_AAGTCTGAGAAACCAT,Sample_1050_1051
Sample_1050_1051_AATCCAGCAGCCAGAA,Sample_1050_1051_AATCCAGCAGCCAGAA,Sample_1050_1051
Sample_1050_1051_AATCGGTGTGTGGCTC,Sample_1050_1051_AATCGGTGTGTGGCTC,Sample_1050_1051
Sample_1050_1051_AATCGGTTCGCGTTTC,Sample_1050_1051_AATCGGTTCGCGTTTC,Sample_1050_1051
Sample_1050_1051_ACACCCTAGTGTACTC,Sample_1050_1051_ACACCCTAGTGTACTC,Sample_1050_1051
Sample_1050_1051_ACACCCTCAAGCTGAG,Sample_1050_1051_ACACCCTCAAGCTGAG,Sample_1050_1051
Sample_1050_1051_ACACCCTGTACCCAAT,Sample_1050_1051_ACACCCTGTACCCAAT,Sample_1050_1051
Sample_1050_1051_ACACCGGGTTCAGTAC,Sample_1050_1051_ACACCGGGTTCAGTAC,Sample_1050_1051
Sample_1050_1051_ACACCGGTCGTACCGG,Sample_1050_1051_ACACCGGTCGTACCGG,Sample_1050_1051
Sample_1050_1051_ACACTGAAGGCTATCT,Sample_1050_1051_ACACTGAAGGCTATCT,Sample_1050_1051
Sample_1050_1051_ACACTGACAAGCTGGA,Sample_1050_1051_ACACTGACAAGCTGGA,Sample_1050_1051
Sample_1050_1051_ACACTGAGTGGGTATG,Sample_1050_1051_ACACTGAGTGGGTATG,Sample_1050_1051
Sample_1050_1051_ACAGCCGAGCGCTCCA,Sample_1050_1051_ACAGCCGAGCGCTCCA,Sample_1050_1051
Sample_1050_1051_ACAGCTAAGGACAGCT,Sample_1050_1051_ACAGCTAAGGACAGCT,Sample_1050_1051
Sample_1050_1051_ACAGCTAGTCTGCGGT,Sample_1050_1051_ACAGCTAGTCTGCGGT,Sample_1050_1051
Sample_1050_1051_ACATGGTCAGCAGTTT,Sample_1050_1051_ACATGGTCAGCAGTTT,Sample_1050_1051
Sample_1050_1051_ACATGGTCAGCCAGAA,Sample_1050_1051_ACATGGTCAGCCAGAA,Sample_1050_1051
Sample_1050_1051_ACATGGTGTTCCCGAG,Sample_1050_1051_ACATGGTGTTCCCGAG,Sample_1050_1051
Sample_1050_1051_ACATGGTTCTCCAACC,Sample_1050_1051_ACATGGTTCTCCAACC,Sample_1050_1051
Sample_1050_1051_ACCAGTACAAAGCAAT,Sample_1050_1051_ACCAGTACAAAGCAAT,Sample_1050_1051
Sample_1050_1051_ACCAGTATCTTCAACT,Sample_1050_1051_ACCAGTATCTTCAACT,Sample_1050_1051
Sample_1050_1051_ACCGTAAGTCCTGCTT,Sample_1050_1051_ACCGTAAGTCCTGCTT,Sample_1050_1051
Sample_1050_1051_ACCGTAAGTGAGGGTT,Sample_1050_1051_ACCGTAAGTGAGGGTT,Sample_1050_1051
Sample_1050_1051_ACCTTTACAGTTCATG,Sample_1050_1051_ACCTTTACAGTTCATG,Sample_1050_1051
Sample_1050_1051_ACCTTTAGTCTACCTC,Sample_1050_1051_ACCTTTAGTCTACCTC,Sample_1050_1051
Sample_1050_1051_ACGAGCCTCACGAAGG,Sample_1050_1051_ACGAGCCTCACGAAGG,Sample_1050_1051
Sample_1050_1051_ACGAGCCTCTGCGACG,Sample_1050_1051_ACGAGCCTCTGCGACG,Sample_1050_1051
Sample_1050_1051_ACGAGGAAGATGTGGC,Sample_1050_1051_ACGAGGAAGATGTGGC,Sample_1050_1051
Sample_1050_1051_ACGAGGAGTCAAGCGA,Sample_1050_1051_ACGAGGAGTCAAGCGA,Sample_1050_1051
Sample_1050_1051_ACGAGGAGTTGGGACA,Sample_1050_1051_ACGAGGAGTTGGGACA,Sample_1050_1051
Sample_1050_1051_ACGATACAGAAACCGC,Sample_1050_1051_ACGATACAGAAACCGC,Sample_1050_1051
Sample_1050_1051_ACGATGTCATGGTCAT,Sample_1050_1051_ACGATGTCATGGTCAT,Sample_1050_1051
Sample_1050_1051_ACGATGTTCCTCAATT,Sample_1050_1051_ACGATGTTCCTCAATT,Sample_1050_1051
Sample_1050_1051_ACGCCGATCATCGGAT,Sample_1050_1051_ACGCCGATCATCGGAT,Sample_1050_1051
Sample_1050_1051_ACGGAGAAGGCAATTA,Sample_1050_1051_ACGGAGAAGGCAATTA,Sample_1050_1051
Sample_1050_1051_ACGGAGAGTATCACCA,Sample_1050_1051_ACGGAGAGTATCACCA,Sample_1050_1051
Sample_1050_1051_ACGGAGAGTCCGTGAC,Sample_1050_1051_ACGGAGAGTCCGTGAC,Sample_1050_1051
Sample_1050_1051_ACGGAGAGTGTCCTCT,Sample_1050_1051_ACGGAGAGTGTCCTCT,Sample_1050_1051
Sample_1050_1051_ACGGCCAAGACTGTAA,Sample_1050_1051_ACGGCCAAGACTGTAA,Sample_1050_1051
Sample_1050_1051_ACGGCCAGTTTAGGAA,Sample_1050_1051_ACGGCCAGTTTAGGAA,Sample_1050_1051
Sample_1050_1051_ACGGCCATCTGACCTC,Sample_1050_1051_ACGGCCATCTGACCTC,Sample_1050_1051
Sample_1050_1051_ACGGGCTGTACCGGCT,Sample_1050_1051_ACGGGCTGTACCGGCT,Sample_1050_1051
Sample_1050_1051_ACGGGCTTCCACGTGG,Sample_1050_1051_ACGGGCTTCCACGTGG,Sample_1050_1051
Sample_1050_1051_ACTATCTAGCCGCCTA,Sample_1050_1051_ACTATCTAGCCGCCTA,Sample_1050_1051
Sample_1050_1051_ACTGAACTCACCTCGT,Sample_1050_1051_ACTGAACTCACCTCGT,Sample_1050_1051
Sample_1050_1051_ACTGAGTTCCACGCAG,Sample_1050_1051_ACTGAGTTCCACGCAG,Sample_1050_1051
Sample_1050_1051_ACTGATGAGCGCCTCA,Sample_1050_1051_ACTGATGAGCGCCTCA,Sample_1050_1051
Sample_1050_1051_ACTGATGAGTCAAGGC,Sample_1050_1051_ACTGATGAGTCAAGGC,Sample_1050_1051
Sample_1050_1051_ACTGATGGTCATATCG,Sample_1050_1051_ACTGATGGTCATATCG,Sample_1050_1051
Sample_1050_1051_ACTGCTCGTCTAAAGA,Sample_1050_1051_ACTGCTCGTCTAAAGA,Sample_1050_1051
Sample_1050_1051_ACTGTCCCAGGTTTCA,Sample_1050_1051_ACTGTCCCAGGTTTCA,Sample_1050_1051
Sample_1050_1051_ACTTACTAGTACGCCC,Sample_1050_1051_ACTTACTAGTACGCCC,Sample_1050_1051
Sample_1050_1051_ACTTTCAAGCACAGGT,Sample_1050_1051_ACTTTCAAGCACAGGT,Sample_1050_1051
Sample_1050_1051_ACTTTCAAGTCCGGTC,Sample_1050_1051_ACTTTCAAGTCCGGTC,Sample_1050_1051
Sample_1050_1051_ACTTTCACAGGGTATG,Sample_1050_1051_ACTTTCACAGGGTATG,Sample_1050_1051
Sample_1050_1051_ACTTTCATCAACGGCC,Sample_1050_1051_ACTTTCATCAACGGCC,Sample_1050_1051
Sample_1050_1051_AGAATAGCAGATGGCA,Sample_1050_1051_AGAATAGCAGATGGCA,Sample_1050_1051
Sample_1050_1051_AGACGTTGTCATGCCG,Sample_1050_1051_AGACGTTGTCATGCCG,Sample_1050_1051
Sample_1050_1051_AGAGCGACACTGCCAG,Sample_1050_1051_AGAGCGACACTGCCAG,Sample_1050_1051
Sample_1050_1051_AGAGTGGCACAGTCGC,Sample_1050_1051_AGAGTGGCACAGTCGC,Sample_1050_1051
Sample_1050_1051_AGATCTGGTCACTGGC,Sample_1050_1051_AGATCTGGTCACTGGC,Sample_1050_1051
Sample_1050_1051_AGATCTGGTGGCGAAT,Sample_1050_1051_AGATCTGGTGGCGAAT,Sample_1050_1051
Sample_1050_1051_AGATTGCAGAGCTATA,Sample_1050_1051_AGATTGCAGAGCTATA,Sample_1050_1051
Sample_1050_1051_AGATTGCGTAGCGCAA,Sample_1050_1051_AGATTGCGTAGCGCAA,Sample_1050_1051
Sample_1050_1051_AGCAGCCCAATGGACG,Sample_1050_1051_AGCAGCCCAATGGACG,Sample_1050_1051
Sample_1050_1051_AGCCTAAAGGACTGGT,Sample_1050_1051_AGCCTAAAGGACTGGT,Sample_1050_1051
Sample_1050_1051_AGCCTAATCACTTATC,Sample_1050_1051_AGCCTAATCACTTATC,Sample_1050_1051
Sample_1050_1051_AGCGGTCCAAGTAGTA,Sample_1050_1051_AGCGGTCCAAGTAGTA,Sample_1050_1051
Sample_1050_1051_AGCGGTCCAATGGTCT,Sample_1050_1051_AGCGGTCCAATGGTCT,Sample_1050_1051
Sample_1050_1051_AGCGGTCCATCGGTTA,Sample_1050_1051_AGCGGTCCATCGGTTA,Sample_1050_1051
Sample_1050_1051_AGCTCTCAGGACACCA,Sample_1050_1051_AGCTCTCAGGACACCA,Sample_1050_1051
Sample_1050_1051_AGCTCTCTCTTCGGTC,Sample_1050_1051_AGCTCTCTCTTCGGTC,Sample_1050_1051
Sample_1050_1051_AGCTTGACACACTGCG,Sample_1050_1051_AGCTTGACACACTGCG,Sample_1050_1051
Sample_1050_1051_AGGCCGTCATCAGTAC,Sample_1050_1051_AGGCCGTCATCAGTAC,Sample_1050_1051
Sample_1050_1051_AGGGAGTCAATAGAGT,Sample_1050_1051_AGGGAGTCAATAGAGT,Sample_1050_1051
Sample_1050_1051_AGGGAGTTCCTGCAGG,Sample_1050_1051_AGGGAGTTCCTGCAGG,Sample_1050_1051
Sample_1050_1051_AGGGATGCATTTGCTT,Sample_1050_1051_AGGGATGCATTTGCTT,Sample_1050_1051
Sample_1050_1051_AGGGTGAAGAGAACAG,Sample_1050_1051_AGGGTGAAGAGAACAG,Sample_1050_1051
Sample_1050_1051_AGGGTGACAGACGCTC,Sample_1050_1051_AGGGTGACAGACGCTC,Sample_1050_1051
Sample_1050_1051_AGTAGTCCAAAGTGCG,Sample_1050_1051_AGTAGTCCAAAGTGCG,Sample_1050_1051
Sample_1050_1051_AGTAGTCCACTTACGA,Sample_1050_1051_AGTAGTCCACTTACGA,Sample_1050_1051
Sample_1050_1051_AGTAGTCTCCAGGGCT,Sample_1050_1051_AGTAGTCTCCAGGGCT,Sample_1050_1051
Sample_1050_1051_AGTAGTCTCTCAACTT,Sample_1050_1051_AGTAGTCTCTCAACTT,Sample_1050_1051
Sample_1050_1051_AGTCTTTGTCTTGTCC,Sample_1050_1051_AGTCTTTGTCTTGTCC,Sample_1050_1051
Sample_1050_1051_AGTGAGGGTAACGCGA,Sample_1050_1051_AGTGAGGGTAACGCGA,Sample_1050_1051
Sample_1050_1051_AGTGGGAGTTAAAGAC,Sample_1050_1051_AGTGGGAGTTAAAGAC,Sample_1050_1051
Sample_1050_1051_AGTGGGATCGTCGTTC,Sample_1050_1051_AGTGGGATCGTCGTTC,Sample_1050_1051
Sample_1050_1051_AGTTGGTGTAAGAGGA,Sample_1050_1051_AGTTGGTGTAAGAGGA,Sample_1050_1051
Sample_1050_1051_AGTTGGTTCAACCATG,Sample_1050_1051_AGTTGGTTCAACCATG,Sample_1050_1051
Sample_1050_1051_ATAAGAGCATGCAACT,Sample_1050_1051_ATAAGAGCATGCAACT,Sample_1050_1051
Sample_1050_1051_ATAAGAGGTCTAGTCA,Sample_1050_1051_ATAAGAGGTCTAGTCA,Sample_1050_1051
Sample_1050_1051_ATCACGAGTATAAACG,Sample_1050_1051_ATCACGAGTATAAACG,Sample_1050_1051
Sample_1050_1051_ATCACGAGTCCGCTGA,Sample_1050_1051_ATCACGAGTCCGCTGA,Sample_1050_1051
Sample_1050_1051_ATCATCTAGACATAAC,Sample_1050_1051_ATCATCTAGACATAAC,Sample_1050_1051
Sample_1050_1051_ATCATCTCAAACTGTC,Sample_1050_1051_ATCATCTCAAACTGTC,Sample_1050_1051
Sample_1050_1051_ATCATCTCAGAAGCAC,Sample_1050_1051_ATCATCTCAGAAGCAC,Sample_1050_1051
Sample_1050_1051_ATCATGGCACGTGAGA,Sample_1050_1051_ATCATGGCACGTGAGA,Sample_1050_1051
Sample_1050_1051_ATCCACCGTCTCACCT,Sample_1050_1051_ATCCACCGTCTCACCT,Sample_1050_1051
Sample_1050_1051_ATCCACCTCATCACCC,Sample_1050_1051_ATCCACCTCATCACCC,Sample_1050_1051
Sample_1050_1051_ATCGAGTGTCCCGACA,Sample_1050_1051_ATCGAGTGTCCCGACA,Sample_1050_1051
Sample_1050_1051_ATCTACTAGTACTTGC,Sample_1050_1051_ATCTACTAGTACTTGC,Sample_1050_1051
Sample_1050_1051_ATCTACTCAGGTTTCA,Sample_1050_1051_ATCTACTCAGGTTTCA,Sample_1050_1051
Sample_1050_1051_ATCTACTGTTAGGGTG,Sample_1050_1051_ATCTACTGTTAGGGTG,Sample_1050_1051
Sample_1050_1051_ATGAGGGAGTGGACGT,Sample_1050_1051_ATGAGGGAGTGGACGT,Sample_1050_1051
Sample_1050_1051_ATGAGGGCACAGACAG,Sample_1050_1051_ATGAGGGCACAGACAG,Sample_1050_1051
Sample_1050_1051_ATGAGGGTCATAACCG,Sample_1050_1051_ATGAGGGTCATAACCG,Sample_1050_1051
Sample_1050_1051_ATGGGAGCAAGGACAC,Sample_1050_1051_ATGGGAGCAAGGACAC,Sample_1050_1051
Sample_1050_1051_ATGTGTGAGTGAAGAG,Sample_1050_1051_ATGTGTGAGTGAAGAG,Sample_1050_1051
Sample_1050_1051_ATGTGTGCACATCTTT,Sample_1050_1051_ATGTGTGCACATCTTT,Sample_1050_1051
Sample_1050_1051_ATGTGTGGTTTGTGTG,Sample_1050_1051_ATGTGTGGTTTGTGTG,Sample_1050_1051
Sample_1050_1051_ATGTGTGTCTGTCTCG,Sample_1050_1051_ATGTGTGTCTGTCTCG,Sample_1050_1051
Sample_1050_1051_ATTATCCAGAATTGTG,Sample_1050_1051_ATTATCCAGAATTGTG,Sample_1050_1051
Sample_1050_1051_ATTCTACAGAACAACT,Sample_1050_1051_ATTCTACAGAACAACT,Sample_1050_1051
Sample_1050_1051_ATTGGTGTCACTTATC,Sample_1050_1051_ATTGGTGTCACTTATC,Sample_1050_1051
Sample_1050_1051_ATTTCTGTCGAACTGT,Sample_1050_1051_ATTTCTGTCGAACTGT,Sample_1050_1051
Sample_1050_1051_CAACCAATCTAACGGT,Sample_1050_1051_CAACCAATCTAACGGT,Sample_1050_1051
Sample_1050_1051_CAACCTCCAGTATGCT,Sample_1050_1051_CAACCTCCAGTATGCT,Sample_1050_1051
Sample_1050_1051_CAACCTCGTGGACGAT,Sample_1050_1051_CAACCTCGTGGACGAT,Sample_1050_1051
Sample_1050_1051_CAACTAGAGTAACCCT,Sample_1050_1051_CAACTAGAGTAACCCT,Sample_1050_1051
Sample_1050_1051_CAACTAGAGTCCAGGA,Sample_1050_1051_CAACTAGAGTCCAGGA,Sample_1050_1051
Sample_1050_1051_CAACTAGTCGAACGGA,Sample_1050_1051_CAACTAGTCGAACGGA,Sample_1050_1051
Sample_1050_1051_CAAGATCTCTCGCATC,Sample_1050_1051_CAAGATCTCTCGCATC,Sample_1050_1051
Sample_1050_1051_CAAGGCCCATCAGTAC,Sample_1050_1051_CAAGGCCCATCAGTAC,Sample_1050_1051
Sample_1050_1051_CACAAACAGAAACCAT,Sample_1050_1051_CACAAACAGAAACCAT,Sample_1050_1051
Sample_1050_1051_CACAAACCACGAGAGT,Sample_1050_1051_CACAAACCACGAGAGT,Sample_1050_1051
Sample_1050_1051_CACACAAGTCCGACGT,Sample_1050_1051_CACACAAGTCCGACGT,Sample_1050_1051
Sample_1050_1051_CACACCTTCAACACAC,Sample_1050_1051_CACACCTTCAACACAC,Sample_1050_1051
Sample_1050_1051_CACACTCAGTACGATA,Sample_1050_1051_CACACTCAGTACGATA,Sample_1050_1051
Sample_1050_1051_CACACTCCAAACCCAT,Sample_1050_1051_CACACTCCAAACCCAT,Sample_1050_1051
Sample_1050_1051_CACACTCGTATATGGA,Sample_1050_1051_CACACTCGTATATGGA,Sample_1050_1051
Sample_1050_1051_CACACTCGTGTTCTTT,Sample_1050_1051_CACACTCGTGTTCTTT,Sample_1050_1051
Sample_1050_1051_CACACTCTCAACCATG,Sample_1050_1051_CACACTCTCAACCATG,Sample_1050_1051
Sample_1050_1051_CACAGGCCACCTCGTT,Sample_1050_1051_CACAGGCCACCTCGTT,Sample_1050_1051
Sample_1050_1051_CACAGTAGTTAGTGGG,Sample_1050_1051_CACAGTAGTTAGTGGG,Sample_1050_1051
Sample_1050_1051_CACAGTATCCGCAAGC,Sample_1050_1051_CACAGTATCCGCAAGC,Sample_1050_1051
Sample_1050_1051_CACATAGAGGTTACCT,Sample_1050_1051_CACATAGAGGTTACCT,Sample_1050_1051
Sample_1050_1051_CACATTTGTATTACCG,Sample_1050_1051_CACATTTGTATTACCG,Sample_1050_1051
Sample_1050_1051_CACATTTGTGCCTTGG,Sample_1050_1051_CACATTTGTGCCTTGG,Sample_1050_1051
Sample_1050_1051_CACCACTCAGCCTGTG,Sample_1050_1051_CACCACTCAGCCTGTG,Sample_1050_1051
Sample_1050_1051_CACCACTCATTTCAGG,Sample_1050_1051_CACCACTCATTTCAGG,Sample_1050_1051
Sample_1050_1051_CACCAGGCACGACTCG,Sample_1050_1051_CACCAGGCACGACTCG,Sample_1050_1051
Sample_1050_1051_CACCAGGGTCTAGCCG,Sample_1050_1051_CACCAGGGTCTAGCCG,Sample_1050_1051
Sample_1050_1051_CACCTTGCACTTAACG,Sample_1050_1051_CACCTTGCACTTAACG,Sample_1050_1051
Sample_1050_1051_CACCTTGGTCCGTGAC,Sample_1050_1051_CACCTTGGTCCGTGAC,Sample_1050_1051
Sample_1050_1051_CACCTTGGTTGATTCG,Sample_1050_1051_CACCTTGGTTGATTCG,Sample_1050_1051
Sample_1050_1051_CACTCCATCCGAATGT,Sample_1050_1051_CACTCCATCCGAATGT,Sample_1050_1051
Sample_1050_1051_CAGCCGATCCAAATGC,Sample_1050_1051_CAGCCGATCCAAATGC,Sample_1050_1051
Sample_1050_1051_CAGCGACAGAAGGTTT,Sample_1050_1051_CAGCGACAGAAGGTTT,Sample_1050_1051
Sample_1050_1051_CAGCGACCAGTATAAG,Sample_1050_1051_CAGCGACCAGTATAAG,Sample_1050_1051
Sample_1050_1051_CAGCTGGAGCACCGTC,Sample_1050_1051_CAGCTGGAGCACCGTC,Sample_1050_1051
Sample_1050_1051_CAGCTGGAGCTACCGC,Sample_1050_1051_CAGCTGGAGCTACCGC,Sample_1050_1051
Sample_1050_1051_CAGGTGCAGGTGCACA,Sample_1050_1051_CAGGTGCAGGTGCACA,Sample_1050_1051
Sample_1050_1051_CAGGTGCCAAGCCCAC,Sample_1050_1051_CAGGTGCCAAGCCCAC,Sample_1050_1051
Sample_1050_1051_CAGGTGCGTCCGTGAC,Sample_1050_1051_CAGGTGCGTCCGTGAC,Sample_1050_1051
Sample_1050_1051_CAGTAACAGCCCAATT,Sample_1050_1051_CAGTAACAGCCCAATT,Sample_1050_1051
Sample_1050_1051_CAGTAACGTACAGCAG,Sample_1050_1051_CAGTAACGTACAGCAG,Sample_1050_1051
Sample_1050_1051_CAGTCCTAGAGTGAGA,Sample_1050_1051_CAGTCCTAGAGTGAGA,Sample_1050_1051
Sample_1050_1051_CAGTCCTAGGTAGCCA,Sample_1050_1051_CAGTCCTAGGTAGCCA,Sample_1050_1051
Sample_1050_1051_CAGTCCTGTGCGCTTG,Sample_1050_1051_CAGTCCTGTGCGCTTG,Sample_1050_1051
Sample_1050_1051_CATATGGCACGCTTTC,Sample_1050_1051_CATATGGCACGCTTTC,Sample_1050_1051
Sample_1050_1051_CATATTCCAGGCGATA,Sample_1050_1051_CATATTCCAGGCGATA,Sample_1050_1051
Sample_1050_1051_CATCAGACAAGTACCT,Sample_1050_1051_CATCAGACAAGTACCT,Sample_1050_1051
Sample_1050_1051_CATCCACCATCGACGC,Sample_1050_1051_CATCCACCATCGACGC,Sample_1050_1051
Sample_1050_1051_CATCCACGTTATCCGA,Sample_1050_1051_CATCCACGTTATCCGA,Sample_1050_1051
Sample_1050_1051_CATCCACTCCTAGAAC,Sample_1050_1051_CATCCACTCCTAGAAC,Sample_1050_1051
Sample_1050_1051_CATCGAAAGTACGTTC,Sample_1050_1051_CATCGAAAGTACGTTC,Sample_1050_1051
Sample_1050_1051_CATCGAACAAGAAAGG,Sample_1050_1051_CATCGAACAAGAAAGG,Sample_1050_1051
Sample_1050_1051_CATCGAACATCGATGT,Sample_1050_1051_CATCGAACATCGATGT,Sample_1050_1051
Sample_1050_1051_CATCGAATCGGATGTT,Sample_1050_1051_CATCGAATCGGATGTT,Sample_1050_1051
Sample_1050_1051_CATCGGGAGTACGCGA,Sample_1050_1051_CATCGGGAGTACGCGA,Sample_1050_1051
Sample_1050_1051_CATCGGGCACTCGACG,Sample_1050_1051_CATCGGGCACTCGACG,Sample_1050_1051
Sample_1050_1051_CATGACATCCACTGGG,Sample_1050_1051_CATGACATCCACTGGG,Sample_1050_1051
Sample_1050_1051_CATGCCTCAGCGATCC,Sample_1050_1051_CATGCCTCAGCGATCC,Sample_1050_1051
Sample_1050_1051_CATGGCGGTCTTTCAT,Sample_1050_1051_CATGGCGGTCTTTCAT,Sample_1050_1051
Sample_1050_1051_CATTCGCCACTGAAGG,Sample_1050_1051_CATTCGCCACTGAAGG,Sample_1050_1051
Sample_1050_1051_CATTCGCCAGTGAGTG,Sample_1050_1051_CATTCGCCAGTGAGTG,Sample_1050_1051
Sample_1050_1051_CATTCGCCATGCAACT,Sample_1050_1051_CATTCGCCATGCAACT,Sample_1050_1051
Sample_1050_1051_CATTCGCGTAAACACA,Sample_1050_1051_CATTCGCGTAAACACA,Sample_1050_1051
Sample_1050_1051_CCACGGAGTCCAGTGC,Sample_1050_1051_CCACGGAGTCCAGTGC,Sample_1050_1051
Sample_1050_1051_CCACGGATCGTAGATC,Sample_1050_1051_CCACGGATCGTAGATC,Sample_1050_1051
Sample_1050_1051_CCACTACAGTCGAGTG,Sample_1050_1051_CCACTACAGTCGAGTG,Sample_1050_1051
Sample_1050_1051_CCAGCGAAGACTAGGC,Sample_1050_1051_CCAGCGAAGACTAGGC,Sample_1050_1051
Sample_1050_1051_CCAGCGAAGAGCTTCT,Sample_1050_1051_CCAGCGAAGAGCTTCT,Sample_1050_1051
Sample_1050_1051_CCAGCGAGTTAGTGGG,Sample_1050_1051_CCAGCGAGTTAGTGGG,Sample_1050_1051
Sample_1050_1051_CCCAATCCACAGCCCA,Sample_1050_1051_CCCAATCCACAGCCCA,Sample_1050_1051
Sample_1050_1051_CCCAATCCAGCTCGCA,Sample_1050_1051_CCCAATCCAGCTCGCA,Sample_1050_1051
Sample_1050_1051_CCCAGTTCAAAGGTGC,Sample_1050_1051_CCCAGTTCAAAGGTGC,Sample_1050_1051
Sample_1050_1051_CCCAGTTGTGATGTGG,Sample_1050_1051_CCCAGTTGTGATGTGG,Sample_1050_1051
Sample_1050_1051_CCCAGTTGTGGTACAG,Sample_1050_1051_CCCAGTTGTGGTACAG,Sample_1050_1051
Sample_1050_1051_CCCTCCTGTCCAAGTT,Sample_1050_1051_CCCTCCTGTCCAAGTT,Sample_1050_1051
Sample_1050_1051_CCGGGATGTCGGCACT,Sample_1050_1051_CCGGGATGTCGGCACT,Sample_1050_1051
Sample_1050_1051_CCGGGATGTGCATCTA,Sample_1050_1051_CCGGGATGTGCATCTA,Sample_1050_1051
Sample_1050_1051_CCGTACTCAGTAAGAT,Sample_1050_1051_CCGTACTCAGTAAGAT,Sample_1050_1051
Sample_1050_1051_CCGTACTGTAAATGAC,Sample_1050_1051_CCGTACTGTAAATGAC,Sample_1050_1051
Sample_1050_1051_CCGTTCATCGAACGGA,Sample_1050_1051_CCGTTCATCGAACGGA,Sample_1050_1051
Sample_1050_1051_CCTAAAGCAGGCTGAA,Sample_1050_1051_CCTAAAGCAGGCTGAA,Sample_1050_1051
Sample_1050_1051_CCTAAAGTCGCAGGCT,Sample_1050_1051_CCTAAAGTCGCAGGCT,Sample_1050_1051
Sample_1050_1051_CCTACACAGAGACGAA,Sample_1050_1051_CCTACACAGAGACGAA,Sample_1050_1051
Sample_1050_1051_CCTACACAGTACGCCC,Sample_1050_1051_CCTACACAGTACGCCC,Sample_1050_1051
Sample_1050_1051_CCTACCAAGCGAGAAA,Sample_1050_1051_CCTACCAAGCGAGAAA,Sample_1050_1051
Sample_1050_1051_CCTACCACAAATCCGT,Sample_1050_1051_CCTACCACAAATCCGT,Sample_1050_1051
Sample_1050_1051_CCTAGCTAGAGACGAA,Sample_1050_1051_CCTAGCTAGAGACGAA,Sample_1050_1051
Sample_1050_1051_CCTAGCTGTGAACCTT,Sample_1050_1051_CCTAGCTGTGAACCTT,Sample_1050_1051
Sample_1050_1051_CCTATTAAGGATGCGT,Sample_1050_1051_CCTATTAAGGATGCGT,Sample_1050_1051
Sample_1050_1051_CCTATTACATAAGACA,Sample_1050_1051_CCTATTACATAAGACA,Sample_1050_1051
Sample_1050_1051_CCTATTATCAGCGATT,Sample_1050_1051_CCTATTATCAGCGATT,Sample_1050_1051
Sample_1050_1051_CCTCAGTAGAGAGCTC,Sample_1050_1051_CCTCAGTAGAGAGCTC,Sample_1050_1051
Sample_1050_1051_CCTCAGTTCTCTAGGA,Sample_1050_1051_CCTCAGTTCTCTAGGA,Sample_1050_1051
Sample_1050_1051_CCTCTGAAGCTCAACT,Sample_1050_1051_CCTCTGAAGCTCAACT,Sample_1050_1051
Sample_1050_1051_CCTCTGACAACTTGAC,Sample_1050_1051_CCTCTGACAACTTGAC,Sample_1050_1051
Sample_1050_1051_CCTTACGCAAAGTCAA,Sample_1050_1051_CCTTACGCAAAGTCAA,Sample_1050_1051
Sample_1050_1051_CCTTCCCAGCAGGCTA,Sample_1050_1051_CCTTCCCAGCAGGCTA,Sample_1050_1051
Sample_1050_1051_CCTTCCCTCCAAATGC,Sample_1050_1051_CCTTCCCTCCAAATGC,Sample_1050_1051
Sample_1050_1051_CCTTCCCTCCCTCTTT,Sample_1050_1051_CCTTCCCTCCCTCTTT,Sample_1050_1051
Sample_1050_1051_CCTTCGAAGACAAGCC,Sample_1050_1051_CCTTCGAAGACAAGCC,Sample_1050_1051
Sample_1050_1051_CCTTCGAAGCTAGTGG,Sample_1050_1051_CCTTCGAAGCTAGTGG,Sample_1050_1051
Sample_1050_1051_CCTTCGAAGTAATCCC,Sample_1050_1051_CCTTCGAAGTAATCCC,Sample_1050_1051
Sample_1050_1051_CCTTCGAAGTGTCCAT,Sample_1050_1051_CCTTCGAAGTGTCCAT,Sample_1050_1051
Sample_1050_1051_CCTTCGAGTAAATGTG,Sample_1050_1051_CCTTCGAGTAAATGTG,Sample_1050_1051
Sample_1050_1051_CCTTCGATCGCAGGCT,Sample_1050_1051_CCTTCGATCGCAGGCT,Sample_1050_1051
Sample_1050_1051_CCTTTCTGTCAAACTC,Sample_1050_1051_CCTTTCTGTCAAACTC,Sample_1050_1051
Sample_1050_1051_CCTTTCTTCAAACCAC,Sample_1050_1051_CCTTTCTTCAAACCAC,Sample_1050_1051
Sample_1050_1051_CGAACATAGGTGCTAG,Sample_1050_1051_CGAACATAGGTGCTAG,Sample_1050_1051
Sample_1050_1051_CGAATGTCAGGATTGG,Sample_1050_1051_CGAATGTCAGGATTGG,Sample_1050_1051
Sample_1050_1051_CGACTTCAGCCTCGTG,Sample_1050_1051_CGACTTCAGCCTCGTG,Sample_1050_1051
Sample_1050_1051_CGACTTCGTTAAGAAC,Sample_1050_1051_CGACTTCGTTAAGAAC,Sample_1050_1051
Sample_1050_1051_CGACTTCTCGTCCGTT,Sample_1050_1051_CGACTTCTCGTCCGTT,Sample_1050_1051
Sample_1050_1051_CGAGAAGTCGGTCCGA,Sample_1050_1051_CGAGAAGTCGGTCCGA,Sample_1050_1051
Sample_1050_1051_CGAGCCACAAATTGCC,Sample_1050_1051_CGAGCCACAAATTGCC,Sample_1050_1051
Sample_1050_1051_CGAGCCATCTCAACTT,Sample_1050_1051_CGAGCCATCTCAACTT,Sample_1050_1051
Sample_1050_1051_CGATCGGAGTGTTAGA,Sample_1050_1051_CGATCGGAGTGTTAGA,Sample_1050_1051
Sample_1050_1051_CGATGGCCACGGCTAC,Sample_1050_1051_CGATGGCCACGGCTAC,Sample_1050_1051
Sample_1050_1051_CGATGGCGTAAACGCG,Sample_1050_1051_CGATGGCGTAAACGCG,Sample_1050_1051
Sample_1050_1051_CGATGGCTCCAGAGGA,Sample_1050_1051_CGATGGCTCCAGAGGA,Sample_1050_1051
Sample_1050_1051_CGATTGACAATGCCAT,Sample_1050_1051_CGATTGACAATGCCAT,Sample_1050_1051
Sample_1050_1051_CGCCAAGGTTTGACAC,Sample_1050_1051_CGCCAAGGTTTGACAC,Sample_1050_1051
Sample_1050_1051_CGCGGTAAGAAAGTGG,Sample_1050_1051_CGCGGTAAGAAAGTGG,Sample_1050_1051
Sample_1050_1051_CGCGTTTAGTTGAGTA,Sample_1050_1051_CGCGTTTAGTTGAGTA,Sample_1050_1051
Sample_1050_1051_CGCTGGATCCTATTCA,Sample_1050_1051_CGCTGGATCCTATTCA,Sample_1050_1051
Sample_1050_1051_CGCTTCACAGCTGTGC,Sample_1050_1051_CGCTTCACAGCTGTGC,Sample_1050_1051
Sample_1050_1051_CGCTTCATCTCAACTT,Sample_1050_1051_CGCTTCATCTCAACTT,Sample_1050_1051
Sample_1050_1051_CGGACACGTTCAGCGC,Sample_1050_1051_CGGACACGTTCAGCGC,Sample_1050_1051
Sample_1050_1051_CGGACGTAGGGAACGG,Sample_1050_1051_CGGACGTAGGGAACGG,Sample_1050_1051
Sample_1050_1051_CGGACGTGTCTAGTGT,Sample_1050_1051_CGGACGTGTCTAGTGT,Sample_1050_1051
Sample_1050_1051_CGGACTGGTGCTCTTC,Sample_1050_1051_CGGACTGGTGCTCTTC,Sample_1050_1051
Sample_1050_1051_CGGACTGTCTGTTTGT,Sample_1050_1051_CGGACTGTCTGTTTGT,Sample_1050_1051
Sample_1050_1051_CGGAGTCGTAGGCATG,Sample_1050_1051_CGGAGTCGTAGGCATG,Sample_1050_1051
Sample_1050_1051_CGGAGTCGTCGCCATG,Sample_1050_1051_CGGAGTCGTCGCCATG,Sample_1050_1051
Sample_1050_1051_CGGAGTCGTTGCGCAC,Sample_1050_1051_CGGAGTCGTTGCGCAC,Sample_1050_1051
Sample_1050_1051_CGGAGTCTCGGAAATA,Sample_1050_1051_CGGAGTCTCGGAAATA,Sample_1050_1051
Sample_1050_1051_CGTAGCGCACAACGCC,Sample_1050_1051_CGTAGCGCACAACGCC,Sample_1050_1051
Sample_1050_1051_CGTAGCGGTGTCGCTG,Sample_1050_1051_CGTAGCGGTGTCGCTG,Sample_1050_1051
Sample_1050_1051_CGTAGGCGTGCTCTTC,Sample_1050_1051_CGTAGGCGTGCTCTTC,Sample_1050_1051
Sample_1050_1051_CGTCAGGCAGATCCAT,Sample_1050_1051_CGTCAGGCAGATCCAT,Sample_1050_1051
Sample_1050_1051_CGTCTACGTAAGAGGA,Sample_1050_1051_CGTCTACGTAAGAGGA,Sample_1050_1051
Sample_1050_1051_CGTCTACGTCTCCACT,Sample_1050_1051_CGTCTACGTCTCCACT,Sample_1050_1051
Sample_1050_1051_CGTCTACTCCGCGTTT,Sample_1050_1051_CGTCTACTCCGCGTTT,Sample_1050_1051
Sample_1050_1051_CGTCTACTCTGCTGCT,Sample_1050_1051_CGTCTACTCTGCTGCT,Sample_1050_1051
Sample_1050_1051_CGTGAGCCACCAACCG,Sample_1050_1051_CGTGAGCCACCAACCG,Sample_1050_1051
Sample_1050_1051_CGTGAGCCACGACTCG,Sample_1050_1051_CGTGAGCCACGACTCG,Sample_1050_1051
Sample_1050_1051_CGTGAGCTCTCGCTTG,Sample_1050_1051_CGTGAGCTCTCGCTTG,Sample_1050_1051
Sample_1050_1051_CGTGTAAAGGGTTCCC,Sample_1050_1051_CGTGTAAAGGGTTCCC,Sample_1050_1051
Sample_1050_1051_CGTGTAAGTTGTGGAG,Sample_1050_1051_CGTGTAAGTTGTGGAG,Sample_1050_1051
Sample_1050_1051_CGTGTCTAGTGTCCAT,Sample_1050_1051_CGTGTCTAGTGTCCAT,Sample_1050_1051
Sample_1050_1051_CGTGTCTGTCGGCACT,Sample_1050_1051_CGTGTCTGTCGGCACT,Sample_1050_1051
Sample_1050_1051_CGTGTCTGTGTATGGG,Sample_1050_1051_CGTGTCTGTGTATGGG,Sample_1050_1051
Sample_1050_1051_CGTTCTGCAGGTCCAC,Sample_1050_1051_CGTTCTGCAGGTCCAC,Sample_1050_1051
Sample_1050_1051_CTAAGACCACGACTCG,Sample_1050_1051_CTAAGACCACGACTCG,Sample_1050_1051
Sample_1050_1051_CTAAGACCAGGGCATA,Sample_1050_1051_CTAAGACCAGGGCATA,Sample_1050_1051
Sample_1050_1051_CTAATGGAGAACAACT,Sample_1050_1051_CTAATGGAGAACAACT,Sample_1050_1051
Sample_1050_1051_CTACACCGTGTAACGG,Sample_1050_1051_CTACACCGTGTAACGG,Sample_1050_1051
Sample_1050_1051_CTACATTAGAGGTAGA,Sample_1050_1051_CTACATTAGAGGTAGA,Sample_1050_1051
Sample_1050_1051_CTACATTTCCAAGTAC,Sample_1050_1051_CTACATTTCCAAGTAC,Sample_1050_1051
Sample_1050_1051_CTACCCAGTTACGACT,Sample_1050_1051_CTACCCAGTTACGACT,Sample_1050_1051
Sample_1050_1051_CTACCCATCATTGCCC,Sample_1050_1051_CTACCCATCATTGCCC,Sample_1050_1051
Sample_1050_1051_CTAGAGTCAAAGCGGT,Sample_1050_1051_CTAGAGTCAAAGCGGT,Sample_1050_1051
Sample_1050_1051_CTAGAGTTCAGCTCTC,Sample_1050_1051_CTAGAGTTCAGCTCTC,Sample_1050_1051
Sample_1050_1051_CTAGCCTGTGGCGAAT,Sample_1050_1051_CTAGCCTGTGGCGAAT,Sample_1050_1051
Sample_1050_1051_CTAGTGACAAGTCTAC,Sample_1050_1051_CTAGTGACAAGTCTAC,Sample_1050_1051
Sample_1050_1051_CTCACACCAAGCGCTC,Sample_1050_1051_CTCACACCAAGCGCTC,Sample_1050_1051
Sample_1050_1051_CTCACACGTACAGTGG,Sample_1050_1051_CTCACACGTACAGTGG,Sample_1050_1051
Sample_1050_1051_CTCACACGTTAAGAAC,Sample_1050_1051_CTCACACGTTAAGAAC,Sample_1050_1051
Sample_1050_1051_CTCACACGTTTAGGAA,Sample_1050_1051_CTCACACGTTTAGGAA,Sample_1050_1051
Sample_1050_1051_CTCAGAATCATAACCG,Sample_1050_1051_CTCAGAATCATAACCG,Sample_1050_1051
Sample_1050_1051_CTCATTACACCATGTA,Sample_1050_1051_CTCATTACACCATGTA,Sample_1050_1051
Sample_1050_1051_CTCATTACACCCATTC,Sample_1050_1051_CTCATTACACCCATTC,Sample_1050_1051
Sample_1050_1051_CTCATTATCGGCGCTA,Sample_1050_1051_CTCATTATCGGCGCTA,Sample_1050_1051
Sample_1050_1051_CTCGGAGCAGCCAATT,Sample_1050_1051_CTCGGAGCAGCCAATT,Sample_1050_1051
Sample_1050_1051_CTCGTACAGAATGTGT,Sample_1050_1051_CTCGTACAGAATGTGT,Sample_1050_1051
Sample_1050_1051_CTCGTACCAAGTCATC,Sample_1050_1051_CTCGTACCAAGTCATC,Sample_1050_1051
Sample_1050_1051_CTCGTACTCACAAACC,Sample_1050_1051_CTCGTACTCACAAACC,Sample_1050_1051
Sample_1050_1051_CTCTAATAGTCACGCC,Sample_1050_1051_CTCTAATAGTCACGCC,Sample_1050_1051
Sample_1050_1051_CTCTAATTCAGCGATT,Sample_1050_1051_CTCTAATTCAGCGATT,Sample_1050_1051
Sample_1050_1051_CTCTACGCACATGACT,Sample_1050_1051_CTCTACGCACATGACT,Sample_1050_1051
Sample_1050_1051_CTCTACGGTGAAATCA,Sample_1050_1051_CTCTACGGTGAAATCA,Sample_1050_1051
Sample_1050_1051_CTCTGGTAGGCACATG,Sample_1050_1051_CTCTGGTAGGCACATG,Sample_1050_1051
Sample_1050_1051_CTCTGGTGTAAGAGAG,Sample_1050_1051_CTCTGGTGTAAGAGAG,Sample_1050_1051
Sample_1050_1051_CTCTGGTGTGTGAAAT,Sample_1050_1051_CTCTGGTGTGTGAAAT,Sample_1050_1051
Sample_1050_1051_CTGAAACAGGAGCGAG,Sample_1050_1051_CTGAAACAGGAGCGAG,Sample_1050_1051
Sample_1050_1051_CTGAAACGTGCAACGA,Sample_1050_1051_CTGAAACGTGCAACGA,Sample_1050_1051
Sample_1050_1051_CTGAAACTCGCAAACT,Sample_1050_1051_CTGAAACTCGCAAACT,Sample_1050_1051
Sample_1050_1051_CTGAAACTCTGGGCCA,Sample_1050_1051_CTGAAACTCTGGGCCA,Sample_1050_1051
Sample_1050_1051_CTGATAGTCACGACTA,Sample_1050_1051_CTGATAGTCACGACTA,Sample_1050_1051
Sample_1050_1051_CTGATAGTCGGTTCGG,Sample_1050_1051_CTGATAGTCGGTTCGG,Sample_1050_1051
Sample_1050_1051_CTGATCCCACGTTGGC,Sample_1050_1051_CTGATCCCACGTTGGC,Sample_1050_1051
Sample_1050_1051_CTGCCTACACAGGAGT,Sample_1050_1051_CTGCCTACACAGGAGT,Sample_1050_1051
Sample_1050_1051_CTGCCTACAGTAACGG,Sample_1050_1051_CTGCCTACAGTAACGG,Sample_1050_1051
Sample_1050_1051_CTGCGGACAAGAAAGG,Sample_1050_1051_CTGCGGACAAGAAAGG,Sample_1050_1051
Sample_1050_1051_CTGCGGACAATCTACG,Sample_1050_1051_CTGCGGACAATCTACG,Sample_1050_1051
Sample_1050_1051_CTGTGCTCATGCCCGA,Sample_1050_1051_CTGTGCTCATGCCCGA,Sample_1050_1051
Sample_1050_1051_CTTAACTCAAGCCTAT,Sample_1050_1051_CTTAACTCAAGCCTAT,Sample_1050_1051
Sample_1050_1051_CTTAGGACATCTCGCT,Sample_1050_1051_CTTAGGACATCTCGCT,Sample_1050_1051
Sample_1050_1051_CTTAGGATCGAATCCA,Sample_1050_1051_CTTAGGATCGAATCCA,Sample_1050_1051
Sample_1050_1051_CTTGGCTAGACTTTCG,Sample_1050_1051_CTTGGCTAGACTTTCG,Sample_1050_1051
Sample_1050_1051_CTTGGCTAGCTGAACG,Sample_1050_1051_CTTGGCTAGCTGAACG,Sample_1050_1051
Sample_1050_1051_CTTTGCGAGCGTCAAG,Sample_1050_1051_CTTTGCGAGCGTCAAG,Sample_1050_1051
Sample_1050_1051_CTTTGCGCATGACGGA,Sample_1050_1051_CTTTGCGCATGACGGA,Sample_1050_1051
Sample_1050_1051_CTTTGCGTCAGAGACG,Sample_1050_1051_CTTTGCGTCAGAGACG,Sample_1050_1051
Sample_1050_1051_GAAACTCTCTACCAGA,Sample_1050_1051_GAAACTCTCTACCAGA,Sample_1050_1051
Sample_1050_1051_GAAATGAAGCTCTCGG,Sample_1050_1051_GAAATGAAGCTCTCGG,Sample_1050_1051
Sample_1050_1051_GAACATCAGGCATTGG,Sample_1050_1051_GAACATCAGGCATTGG,Sample_1050_1051
Sample_1050_1051_GAACATCTCTGAGTGT,Sample_1050_1051_GAACATCTCTGAGTGT,Sample_1050_1051
Sample_1050_1051_GAAGCAGCAATACGCT,Sample_1050_1051_GAAGCAGCAATACGCT,Sample_1050_1051
Sample_1050_1051_GAAGCAGTCGCAAACT,Sample_1050_1051_GAAGCAGTCGCAAACT,Sample_1050_1051
Sample_1050_1051_GAATAAGAGACTGGGT,Sample_1050_1051_GAATAAGAGACTGGGT,Sample_1050_1051
Sample_1050_1051_GAATAAGGTTTAGGAA,Sample_1050_1051_GAATAAGGTTTAGGAA,Sample_1050_1051
Sample_1050_1051_GAATAAGTCGAATGGG,Sample_1050_1051_GAATAAGTCGAATGGG,Sample_1050_1051
Sample_1050_1051_GAATGAAAGAAACCGC,Sample_1050_1051_GAATGAAAGAAACCGC,Sample_1050_1051
Sample_1050_1051_GAATGAACAATGGATA,Sample_1050_1051_GAATGAACAATGGATA,Sample_1050_1051
Sample_1050_1051_GACACGCCATCGATTG,Sample_1050_1051_GACACGCCATCGATTG,Sample_1050_1051
Sample_1050_1051_GACGCGTCACAACGCC,Sample_1050_1051_GACGCGTCACAACGCC,Sample_1050_1051
Sample_1050_1051_GACGGCTCACATTCGA,Sample_1050_1051_GACGGCTCACATTCGA,Sample_1050_1051
Sample_1050_1051_GACGGCTGTCATATGC,Sample_1050_1051_GACGGCTGTCATATGC,Sample_1050_1051
Sample_1050_1051_GACGTGCAGAGGTTGC,Sample_1050_1051_GACGTGCAGAGGTTGC,Sample_1050_1051
Sample_1050_1051_GACTAACAGCATGGCA,Sample_1050_1051_GACTAACAGCATGGCA,Sample_1050_1051
Sample_1050_1051_GACTAACCACCAGGTC,Sample_1050_1051_GACTAACCACCAGGTC,Sample_1050_1051
Sample_1050_1051_GACTACAGTCCCTACT,Sample_1050_1051_GACTACAGTCCCTACT,Sample_1050_1051
Sample_1050_1051_GACTGCGTCAACACCA,Sample_1050_1051_GACTGCGTCAACACCA,Sample_1050_1051
Sample_1050_1051_GAGCAGACACGGTGTC,Sample_1050_1051_GAGCAGACACGGTGTC,Sample_1050_1051
Sample_1050_1051_GAGCAGACACTCAGGC,Sample_1050_1051_GAGCAGACACTCAGGC,Sample_1050_1051
Sample_1050_1051_GAGGTGACACGCGAAA,Sample_1050_1051_GAGGTGACACGCGAAA,Sample_1050_1051
Sample_1050_1051_GATCAGTGTGCAACTT,Sample_1050_1051_GATCAGTGTGCAACTT,Sample_1050_1051
Sample_1050_1051_GATCGATTCACGACTA,Sample_1050_1051_GATCGATTCACGACTA,Sample_1050_1051
Sample_1050_1051_GATCGATTCTTGTTTG,Sample_1050_1051_GATCGATTCTTGTTTG,Sample_1050_1051
Sample_1050_1051_GATCGTACAACCGCCA,Sample_1050_1051_GATCGTACAACCGCCA,Sample_1050_1051
Sample_1050_1051_GATCGTACAAGTCTAC,Sample_1050_1051_GATCGTACAAGTCTAC,Sample_1050_1051
Sample_1050_1051_GATCGTAGTCCGTTAA,Sample_1050_1051_GATCGTAGTCCGTTAA,Sample_1050_1051
Sample_1050_1051_GATCTAGGTGCCTTGG,Sample_1050_1051_GATCTAGGTGCCTTGG,Sample_1050_1051
Sample_1050_1051_GATCTAGTCTCAAACG,Sample_1050_1051_GATCTAGTCTCAAACG,Sample_1050_1051
Sample_1050_1051_GATGAAAAGATGCCTT,Sample_1050_1051_GATGAAAAGATGCCTT,Sample_1050_1051
Sample_1050_1051_GATGAAACACCTGGTG,Sample_1050_1051_GATGAAACACCTGGTG,Sample_1050_1051
Sample_1050_1051_GATGAAAGTCGCTTCT,Sample_1050_1051_GATGAAAGTCGCTTCT,Sample_1050_1051
Sample_1050_1051_GATGAAAGTCGTCTTC,Sample_1050_1051_GATGAAAGTCGTCTTC,Sample_1050_1051
Sample_1050_1051_GATGCTACACAGCCCA,Sample_1050_1051_GATGCTACACAGCCCA,Sample_1050_1051
Sample_1050_1051_GATTCAGAGCGCCTCA,Sample_1050_1051_GATTCAGAGCGCCTCA,Sample_1050_1051
Sample_1050_1051_GATTCAGCAACTGGCC,Sample_1050_1051_GATTCAGCAACTGGCC,Sample_1050_1051
Sample_1050_1051_GCAAACTGTAAGGATT,Sample_1050_1051_GCAAACTGTAAGGATT,Sample_1050_1051
Sample_1050_1051_GCACTCTTCTGGCGTG,Sample_1050_1051_GCACTCTTCTGGCGTG,Sample_1050_1051
Sample_1050_1051_GCAGCCACATCCGGGT,Sample_1050_1051_GCAGCCACATCCGGGT,Sample_1050_1051
Sample_1050_1051_GCAGTTATCAACACAC,Sample_1050_1051_GCAGTTATCAACACAC,Sample_1050_1051
Sample_1050_1051_GCATACATCGGCGGTT,Sample_1050_1051_GCATACATCGGCGGTT,Sample_1050_1051
Sample_1050_1051_GCATGATCATGAAGTA,Sample_1050_1051_GCATGATCATGAAGTA,Sample_1050_1051
Sample_1050_1051_GCATGCGGTTCGAATC,Sample_1050_1051_GCATGCGGTTCGAATC,Sample_1050_1051
Sample_1050_1051_GCATGCGTCAACGGGA,Sample_1050_1051_GCATGCGTCAACGGGA,Sample_1050_1051
Sample_1050_1051_GCATGCGTCCGAACGC,Sample_1050_1051_GCATGCGTCCGAACGC,Sample_1050_1051
Sample_1050_1051_GCATGTAGTCCGAGTC,Sample_1050_1051_GCATGTAGTCCGAGTC,Sample_1050_1051
Sample_1050_1051_GCCAAATTCAACCAAC,Sample_1050_1051_GCCAAATTCAACCAAC,Sample_1050_1051
Sample_1050_1051_GCGAGAATCCGCATCT,Sample_1050_1051_GCGAGAATCCGCATCT,Sample_1050_1051
Sample_1050_1051_GCGAGAATCTGCTGCT,Sample_1050_1051_GCGAGAATCTGCTGCT,Sample_1050_1051
Sample_1050_1051_GCGCAACCAGCCACCA,Sample_1050_1051_GCGCAACCAGCCACCA,Sample_1050_1051
Sample_1050_1051_GCGCAACGTGCCTTGG,Sample_1050_1051_GCGCAACGTGCCTTGG,Sample_1050_1051
Sample_1050_1051_GCGCCAACACACGCTG,Sample_1050_1051_GCGCCAACACACGCTG,Sample_1050_1051
Sample_1050_1051_GCGCGATCAGGCAGTA,Sample_1050_1051_GCGCGATCAGGCAGTA,Sample_1050_1051
Sample_1050_1051_GCGGGTTCAGACGCTC,Sample_1050_1051_GCGGGTTCAGACGCTC,Sample_1050_1051
Sample_1050_1051_GCGGGTTTCTGGTATG,Sample_1050_1051_GCGGGTTTCTGGTATG,Sample_1050_1051
Sample_1050_1051_GCTCCTATCAGTTCGA,Sample_1050_1051_GCTCCTATCAGTTCGA,Sample_1050_1051
Sample_1050_1051_GCTCCTATCCCAAGTA,Sample_1050_1051_GCTCCTATCCCAAGTA,Sample_1050_1051
Sample_1050_1051_GCTGCAGCAAGTACCT,Sample_1050_1051_GCTGCAGCAAGTACCT,Sample_1050_1051
Sample_1050_1051_GCTGCAGCACATGACT,Sample_1050_1051_GCTGCAGCACATGACT,Sample_1050_1051
Sample_1050_1051_GCTGCAGGTTCAGACT,Sample_1050_1051_GCTGCAGGTTCAGACT,Sample_1050_1051
Sample_1050_1051_GCTGCGAGTACCCAAT,Sample_1050_1051_GCTGCGAGTACCCAAT,Sample_1050_1051
Sample_1050_1051_GCTGCGAGTGTGCGTC,Sample_1050_1051_GCTGCGAGTGTGCGTC,Sample_1050_1051
Sample_1050_1051_GCTGCGATCAGCTTAG,Sample_1050_1051_GCTGCGATCAGCTTAG,Sample_1050_1051
Sample_1050_1051_GCTGCGATCGGTGTCG,Sample_1050_1051_GCTGCGATCGGTGTCG,Sample_1050_1051
Sample_1050_1051_GCTGCTTAGGGTGTTG,Sample_1050_1051_GCTGCTTAGGGTGTTG,Sample_1050_1051
Sample_1050_1051_GCTTCCATCAGGCAAG,Sample_1050_1051_GCTTCCATCAGGCAAG,Sample_1050_1051
Sample_1050_1051_GCTTGAAGTGTCAATC,Sample_1050_1051_GCTTGAAGTGTCAATC,Sample_1050_1051
Sample_1050_1051_GGAAAGCCATCGATTG,Sample_1050_1051_GGAAAGCCATCGATTG,Sample_1050_1051
Sample_1050_1051_GGAACTTCATCGATTG,Sample_1050_1051_GGAACTTCATCGATTG,Sample_1050_1051
Sample_1050_1051_GGAACTTGTAGAGGAA,Sample_1050_1051_GGAACTTGTAGAGGAA,Sample_1050_1051
Sample_1050_1051_GGAATAAAGGAATCGC,Sample_1050_1051_GGAATAAAGGAATCGC,Sample_1050_1051
Sample_1050_1051_GGAATAAAGGATGTAT,Sample_1050_1051_GGAATAAAGGATGTAT,Sample_1050_1051
Sample_1050_1051_GGAATAACAAAGCAAT,Sample_1050_1051_GGAATAACAAAGCAAT,Sample_1050_1051
Sample_1050_1051_GGACATTCAGGGTTAG,Sample_1050_1051_GGACATTCAGGGTTAG,Sample_1050_1051
Sample_1050_1051_GGACATTCAGTCCTTC,Sample_1050_1051_GGACATTCAGTCCTTC,Sample_1050_1051
Sample_1050_1051_GGACGTCAGGCATGGT,Sample_1050_1051_GGACGTCAGGCATGGT,Sample_1050_1051
Sample_1050_1051_GGACGTCAGTGGTAAT,Sample_1050_1051_GGACGTCAGTGGTAAT,Sample_1050_1051
Sample_1050_1051_GGACGTCGTGCAACGA,Sample_1050_1051_GGACGTCGTGCAACGA,Sample_1050_1051
Sample_1050_1051_GGAGCAAAGGACACCA,Sample_1050_1051_GGAGCAAAGGACACCA,Sample_1050_1051
Sample_1050_1051_GGAGCAACAAACTGCT,Sample_1050_1051_GGAGCAACAAACTGCT,Sample_1050_1051
Sample_1050_1051_GGATGTTTCTACCTGC,Sample_1050_1051_GGATGTTTCTACCTGC,Sample_1050_1051
Sample_1050_1051_GGATGTTTCTTGCAAG,Sample_1050_1051_GGATGTTTCTTGCAAG,Sample_1050_1051
Sample_1050_1051_GGCAATTTCGTGGTCG,Sample_1050_1051_GGCAATTTCGTGGTCG,Sample_1050_1051
Sample_1050_1051_GGCCGATTCTTCCTTC,Sample_1050_1051_GGCCGATTCTTCCTTC,Sample_1050_1051
Sample_1050_1051_GGCGTGTCACATGACT,Sample_1050_1051_GGCGTGTCACATGACT,Sample_1050_1051
Sample_1050_1051_GGCGTGTGTCGAGATG,Sample_1050_1051_GGCGTGTGTCGAGATG,Sample_1050_1051
Sample_1050_1051_GGCTCGACACATCCGG,Sample_1050_1051_GGCTCGACACATCCGG,Sample_1050_1051
Sample_1050_1051_GGGAATGGTCACACGC,Sample_1050_1051_GGGAATGGTCACACGC,Sample_1050_1051
Sample_1050_1051_GGGAATGGTCTTGATG,Sample_1050_1051_GGGAATGGTCTTGATG,Sample_1050_1051
Sample_1050_1051_GGGAGATAGAAGCCCA,Sample_1050_1051_GGGAGATAGAAGCCCA,Sample_1050_1051
Sample_1050_1051_GGGATGAAGCGAAGGG,Sample_1050_1051_GGGATGAAGCGAAGGG,Sample_1050_1051
Sample_1050_1051_GGGCACTAGTTCGATC,Sample_1050_1051_GGGCACTAGTTCGATC,Sample_1050_1051
Sample_1050_1051_GGGCACTCATGCAACT,Sample_1050_1051_GGGCACTCATGCAACT,Sample_1050_1051
Sample_1050_1051_GGGCACTTCTGGTATG,Sample_1050_1051_GGGCACTTCTGGTATG,Sample_1050_1051
Sample_1050_1051_GGGCATCGTCCGTCAG,Sample_1050_1051_GGGCATCGTCCGTCAG,Sample_1050_1051
Sample_1050_1051_GGGCATCGTGTGACGA,Sample_1050_1051_GGGCATCGTGTGACGA,Sample_1050_1051
Sample_1050_1051_GGGCATCGTTGTCTTT,Sample_1050_1051_GGGCATCGTTGTCTTT,Sample_1050_1051
Sample_1050_1051_GGGCATCTCTATCGCC,Sample_1050_1051_GGGCATCTCTATCGCC,Sample_1050_1051
Sample_1050_1051_GGGTCTGAGTCGCCGT,Sample_1050_1051_GGGTCTGAGTCGCCGT,Sample_1050_1051
Sample_1050_1051_GGGTTGCTCGCCTGAG,Sample_1050_1051_GGGTTGCTCGCCTGAG,Sample_1050_1051
Sample_1050_1051_GGTGAAGAGAATAGGG,Sample_1050_1051_GGTGAAGAGAATAGGG,Sample_1050_1051
Sample_1050_1051_GGTGCGTAGTGTTTGC,Sample_1050_1051_GGTGCGTAGTGTTTGC,Sample_1050_1051
Sample_1050_1051_GGTGCGTCATGTCCTC,Sample_1050_1051_GGTGCGTCATGTCCTC,Sample_1050_1051
Sample_1050_1051_GTAACGTGTGGGTATG,Sample_1050_1051_GTAACGTGTGGGTATG,Sample_1050_1051
Sample_1050_1051_GTACGTACAAGCTGAG,Sample_1050_1051_GTACGTACAAGCTGAG,Sample_1050_1051
Sample_1050_1051_GTACGTAGTGTAACGG,Sample_1050_1051_GTACGTAGTGTAACGG,Sample_1050_1051
Sample_1050_1051_GTACTCCGTTAAGGGC,Sample_1050_1051_GTACTCCGTTAAGGGC,Sample_1050_1051
Sample_1050_1051_GTACTCCTCAATCTCT,Sample_1050_1051_GTACTCCTCAATCTCT,Sample_1050_1051
Sample_1050_1051_GTACTCCTCTGTTTGT,Sample_1050_1051_GTACTCCTCTGTTTGT,Sample_1050_1051
Sample_1050_1051_GTACTTTCATCACCCT,Sample_1050_1051_GTACTTTCATCACCCT,Sample_1050_1051
Sample_1050_1051_GTACTTTGTGTGACCC,Sample_1050_1051_GTACTTTGTGTGACCC,Sample_1050_1051
Sample_1050_1051_GTAGGCCCAGGGCATA,Sample_1050_1051_GTAGGCCCAGGGCATA,Sample_1050_1051
Sample_1050_1051_GTAGGCCGTAGGCTGA,Sample_1050_1051_GTAGGCCGTAGGCTGA,Sample_1050_1051
Sample_1050_1051_GTAGTCACACGAAGCA,Sample_1050_1051_GTAGTCACACGAAGCA,Sample_1050_1051
Sample_1050_1051_GTAGTCAGTAAACGCG,Sample_1050_1051_GTAGTCAGTAAACGCG,Sample_1050_1051
Sample_1050_1051_GTATTCTCAAGTACCT,Sample_1050_1051_GTATTCTCAAGTACCT,Sample_1050_1051
Sample_1050_1051_GTATTCTCAGTAACGG,Sample_1050_1051_GTATTCTCAGTAACGG,Sample_1050_1051
Sample_1050_1051_GTATTCTGTCCGAACC,Sample_1050_1051_GTATTCTGTCCGAACC,Sample_1050_1051
Sample_1050_1051_GTATTCTTCTGCAGTA,Sample_1050_1051_GTATTCTTCTGCAGTA,Sample_1050_1051
Sample_1050_1051_GTCAAGTCACCAGATT,Sample_1050_1051_GTCAAGTCACCAGATT,Sample_1050_1051
Sample_1050_1051_GTCAAGTTCAGCTTAG,Sample_1050_1051_GTCAAGTTCAGCTTAG,Sample_1050_1051
Sample_1050_1051_GTCACAAAGCCACGCT,Sample_1050_1051_GTCACAAAGCCACGCT,Sample_1050_1051
Sample_1050_1051_GTCACAAAGTTGCAGG,Sample_1050_1051_GTCACAAAGTTGCAGG,Sample_1050_1051
Sample_1050_1051_GTCATTTCAGTCTTCC,Sample_1050_1051_GTCATTTCAGTCTTCC,Sample_1050_1051
Sample_1050_1051_GTCATTTGTATAGGGC,Sample_1050_1051_GTCATTTGTATAGGGC,Sample_1050_1051
Sample_1050_1051_GTCATTTGTCTCGTTC,Sample_1050_1051_GTCATTTGTCTCGTTC,Sample_1050_1051
Sample_1050_1051_GTCCTCAGTCGAGTTT,Sample_1050_1051_GTCCTCAGTCGAGTTT,Sample_1050_1051
Sample_1050_1051_GTCCTCAGTGTTTGGT,Sample_1050_1051_GTCCTCAGTGTTTGGT,Sample_1050_1051
Sample_1050_1051_GTCCTCATCGCTTAGA,Sample_1050_1051_GTCCTCATCGCTTAGA,Sample_1050_1051
Sample_1050_1051_GTCGGGTAGTAGATGT,Sample_1050_1051_GTCGGGTAGTAGATGT,Sample_1050_1051
Sample_1050_1051_GTCGGGTGTTCCTCCA,Sample_1050_1051_GTCGGGTGTTCCTCCA,Sample_1050_1051
Sample_1050_1051_GTCGGGTTCGGTGTCG,Sample_1050_1051_GTCGGGTTCGGTGTCG,Sample_1050_1051
Sample_1050_1051_GTCTCGTAGGGCACTA,Sample_1050_1051_GTCTCGTAGGGCACTA,Sample_1050_1051
Sample_1050_1051_GTCTCGTCAGCTGGCT,Sample_1050_1051_GTCTCGTCAGCTGGCT,Sample_1050_1051
Sample_1050_1051_GTCTCGTTCAGCTCTC,Sample_1050_1051_GTCTCGTTCAGCTCTC,Sample_1050_1051
Sample_1050_1051_GTCTTCGAGCGCCTTG,Sample_1050_1051_GTCTTCGAGCGCCTTG,Sample_1050_1051
Sample_1050_1051_GTCTTCGGTAGCAAAT,Sample_1050_1051_GTCTTCGGTAGCAAAT,Sample_1050_1051
Sample_1050_1051_GTCTTCGGTCCATGAT,Sample_1050_1051_GTCTTCGGTCCATGAT,Sample_1050_1051
Sample_1050_1051_GTGAAGGTCGGATGTT,Sample_1050_1051_GTGAAGGTCGGATGTT,Sample_1050_1051
Sample_1050_1051_GTGCATACACAGACAG,Sample_1050_1051_GTGCATACACAGACAG,Sample_1050_1051
Sample_1050_1051_GTGCATACAGCGATCC,Sample_1050_1051_GTGCATACAGCGATCC,Sample_1050_1051
Sample_1050_1051_GTGCATAGTAGAGCTG,Sample_1050_1051_GTGCATAGTAGAGCTG,Sample_1050_1051
Sample_1050_1051_GTGCGGTTCAGAGCTT,Sample_1050_1051_GTGCGGTTCAGAGCTT,Sample_1050_1051
Sample_1050_1051_GTGCTTCGTAAGCACG,Sample_1050_1051_GTGCTTCGTAAGCACG,Sample_1050_1051
Sample_1050_1051_GTGGGTCTCCTGCCAT,Sample_1050_1051_GTGGGTCTCCTGCCAT,Sample_1050_1051
Sample_1050_1051_GTGTGCGAGCACCGTC,Sample_1050_1051_GTGTGCGAGCACCGTC,Sample_1050_1051
Sample_1050_1051_GTGTGCGGTGCATCTA,Sample_1050_1051_GTGTGCGGTGCATCTA,Sample_1050_1051
Sample_1050_1051_GTTAAGCAGAAGGTGA,Sample_1050_1051_GTTAAGCAGAAGGTGA,Sample_1050_1051
Sample_1050_1051_GTTAAGCAGGATTCGG,Sample_1050_1051_GTTAAGCAGGATTCGG,Sample_1050_1051
Sample_1050_1051_GTTAAGCCAAGCTGGA,Sample_1050_1051_GTTAAGCCAAGCTGGA,Sample_1050_1051
Sample_1050_1051_GTTAAGCTCTGAAAGA,Sample_1050_1051_GTTAAGCTCTGAAAGA,Sample_1050_1051
Sample_1050_1051_GTTCTCGTCTGTACGA,Sample_1050_1051_GTTCTCGTCTGTACGA,Sample_1050_1051
Sample_1050_1051_TAAGAGACACCGGAAA,Sample_1050_1051_TAAGAGACACCGGAAA,Sample_1050_1051
Sample_1050_1051_TAAGAGAGTCGTCTTC,Sample_1050_1051_TAAGAGAGTCGTCTTC,Sample_1050_1051
Sample_1050_1051_TAAGAGAGTTTGCATG,Sample_1050_1051_TAAGAGAGTTTGCATG,Sample_1050_1051
Sample_1050_1051_TAAGTGCAGTTATCGC,Sample_1050_1051_TAAGTGCAGTTATCGC,Sample_1050_1051
Sample_1050_1051_TAAGTGCCACACTGCG,Sample_1050_1051_TAAGTGCCACACTGCG,Sample_1050_1051
Sample_1050_1051_TACACGAAGTACCGGA,Sample_1050_1051_TACACGAAGTACCGGA,Sample_1050_1051
Sample_1050_1051_TACACGACAGCTGCTG,Sample_1050_1051_TACACGACAGCTGCTG,Sample_1050_1051
Sample_1050_1051_TACAGTGCATGTTGAC,Sample_1050_1051_TACAGTGCATGTTGAC,Sample_1050_1051
Sample_1050_1051_TACAGTGGTACTCAAC,Sample_1050_1051_TACAGTGGTACTCAAC,Sample_1050_1051
Sample_1050_1051_TACAGTGTCAACACAC,Sample_1050_1051_TACAGTGTCAACACAC,Sample_1050_1051
Sample_1050_1051_TACCTATCATGGATGG,Sample_1050_1051_TACCTATCATGGATGG,Sample_1050_1051
Sample_1050_1051_TACGGATCAGTAACGG,Sample_1050_1051_TACGGATCAGTAACGG,Sample_1050_1051
Sample_1050_1051_TACGGATGTTCTGGTA,Sample_1050_1051_TACGGATGTTCTGGTA,Sample_1050_1051
Sample_1050_1051_TACGGATTCGGCTACG,Sample_1050_1051_TACGGATTCGGCTACG,Sample_1050_1051
Sample_1050_1051_TACGGGCCAAGGTTTC,Sample_1050_1051_TACGGGCCAAGGTTTC,Sample_1050_1051
Sample_1050_1051_TACTCATGTAAACGCG,Sample_1050_1051_TACTCATGTAAACGCG,Sample_1050_1051
Sample_1050_1051_TACTCATGTGTGACGA,Sample_1050_1051_TACTCATGTGTGACGA,Sample_1050_1051
Sample_1050_1051_TACTCATTCCAGATCA,Sample_1050_1051_TACTCATTCCAGATCA,Sample_1050_1051
Sample_1050_1051_TACTCGCCAGTCACTA,Sample_1050_1051_TACTCGCCAGTCACTA,Sample_1050_1051
Sample_1050_1051_TACTCGCGTCTCACCT,Sample_1050_1051_TACTCGCGTCTCACCT,Sample_1050_1051
Sample_1050_1051_TACTTGTAGTAACCCT,Sample_1050_1051_TACTTGTAGTAACCCT,Sample_1050_1051
Sample_1050_1051_TACTTGTGTTACGACT,Sample_1050_1051_TACTTGTGTTACGACT,Sample_1050_1051
Sample_1050_1051_TAGACCAAGATGGCGT,Sample_1050_1051_TAGACCAAGATGGCGT,Sample_1050_1051
Sample_1050_1051_TAGACCAGTTGTACAC,Sample_1050_1051_TAGACCAGTTGTACAC,Sample_1050_1051
Sample_1050_1051_TAGAGCTCACAACTGT,Sample_1050_1051_TAGAGCTCACAACTGT,Sample_1050_1051
Sample_1050_1051_TAGTGGTCAAGGTGTG,Sample_1050_1051_TAGTGGTCAAGGTGTG,Sample_1050_1051
Sample_1050_1051_TAGTGGTGTATGAAAC,Sample_1050_1051_TAGTGGTGTATGAAAC,Sample_1050_1051
Sample_1050_1051_TATCTCAAGAAGGCCT,Sample_1050_1051_TATCTCAAGAAGGCCT,Sample_1050_1051
Sample_1050_1051_TATCTCAAGGAGCGAG,Sample_1050_1051_TATCTCAAGGAGCGAG,Sample_1050_1051
Sample_1050_1051_TATCTCAAGGCATTGG,Sample_1050_1051_TATCTCAAGGCATTGG,Sample_1050_1051
Sample_1050_1051_TATCTCACACAACGTT,Sample_1050_1051_TATCTCACACAACGTT,Sample_1050_1051
Sample_1050_1051_TATCTCATCAGCATGT,Sample_1050_1051_TATCTCATCAGCATGT,Sample_1050_1051
Sample_1050_1051_TCAACGACATAGACTC,Sample_1050_1051_TCAACGACATAGACTC,Sample_1050_1051
Sample_1050_1051_TCACAAGCATTATCTC,Sample_1050_1051_TCACAAGCATTATCTC,Sample_1050_1051
Sample_1050_1051_TCACAAGGTTACAGAA,Sample_1050_1051_TCACAAGGTTACAGAA,Sample_1050_1051
Sample_1050_1051_TCACGAACAACTGGCC,Sample_1050_1051_TCACGAACAACTGGCC,Sample_1050_1051
Sample_1050_1051_TCACGAACACATGACT,Sample_1050_1051_TCACGAACACATGACT,Sample_1050_1051
Sample_1050_1051_TCAGATGAGTGTGGCA,Sample_1050_1051_TCAGATGAGTGTGGCA,Sample_1050_1051
Sample_1050_1051_TCAGATGGTCGACTGC,Sample_1050_1051_TCAGATGGTCGACTGC,Sample_1050_1051
Sample_1050_1051_TCAGCTCCATTCACTT,Sample_1050_1051_TCAGCTCCATTCACTT,Sample_1050_1051
Sample_1050_1051_TCCACACCATAGAAAC,Sample_1050_1051_TCCACACCATAGAAAC,Sample_1050_1051
Sample_1050_1051_TCCCGATAGTACCGGA,Sample_1050_1051_TCCCGATAGTACCGGA,Sample_1050_1051
Sample_1050_1051_TCCCGATCAATAAGCA,Sample_1050_1051_TCCCGATCAATAAGCA,Sample_1050_1051
Sample_1050_1051_TCCCGATTCATGTCTT,Sample_1050_1051_TCCCGATTCATGTCTT,Sample_1050_1051
Sample_1050_1051_TCGAGGCAGCCACGTC,Sample_1050_1051_TCGAGGCAGCCACGTC,Sample_1050_1051
Sample_1050_1051_TCGAGGCGTCAATACC,Sample_1050_1051_TCGAGGCGTCAATACC,Sample_1050_1051
Sample_1050_1051_TCGCGAGAGCTAACTC,Sample_1050_1051_TCGCGAGAGCTAACTC,Sample_1050_1051
Sample_1050_1051_TCGCGTTAGACCGGAT,Sample_1050_1051_TCGCGTTAGACCGGAT,Sample_1050_1051
Sample_1050_1051_TCGCGTTAGCTCCTTC,Sample_1050_1051_TCGCGTTAGCTCCTTC,Sample_1050_1051
Sample_1050_1051_TCGGGACCAACTGCTA,Sample_1050_1051_TCGGGACCAACTGCTA,Sample_1050_1051
Sample_1050_1051_TCGGGACCAAGACACG,Sample_1050_1051_TCGGGACCAAGACACG,Sample_1050_1051
Sample_1050_1051_TCGGGACTCCATGCTC,Sample_1050_1051_TCGGGACTCCATGCTC,Sample_1050_1051
Sample_1050_1051_TCGGGACTCGACGGAA,Sample_1050_1051_TCGGGACTCGACGGAA,Sample_1050_1051
Sample_1050_1051_TCGGTAACATAAAGGT,Sample_1050_1051_TCGGTAACATAAAGGT,Sample_1050_1051
Sample_1050_1051_TCGGTAAGTCGACTAT,Sample_1050_1051_TCGGTAAGTCGACTAT,Sample_1050_1051
Sample_1050_1051_TCGTACCCACAGTCGC,Sample_1050_1051_TCGTACCCACAGTCGC,Sample_1050_1051
Sample_1050_1051_TCGTACCTCATAGCAC,Sample_1050_1051_TCGTACCTCATAGCAC,Sample_1050_1051
Sample_1050_1051_TCTATTGAGTGGAGAA,Sample_1050_1051_TCTATTGAGTGGAGAA,Sample_1050_1051
Sample_1050_1051_TCTCATAGTAGATTAG,Sample_1050_1051_TCTCATAGTAGATTAG,Sample_1050_1051
Sample_1050_1051_TCTCATAGTATTCGTG,Sample_1050_1051_TCTCATAGTATTCGTG,Sample_1050_1051
Sample_1050_1051_TCTCTAACAGGCAGTA,Sample_1050_1051_TCTCTAACAGGCAGTA,Sample_1050_1051
Sample_1050_1051_TCTCTAATCAGCACAT,Sample_1050_1051_TCTCTAATCAGCACAT,Sample_1050_1051
Sample_1050_1051_TCTGAGACAATCACAC,Sample_1050_1051_TCTGAGACAATCACAC,Sample_1050_1051
Sample_1050_1051_TCTGAGATCAATCACG,Sample_1050_1051_TCTGAGATCAATCACG,Sample_1050_1051
Sample_1050_1051_TCTGAGATCGGAGCAA,Sample_1050_1051_TCTGAGATCGGAGCAA,Sample_1050_1051
Sample_1050_1051_TCTTTCCAGCAAATCA,Sample_1050_1051_TCTTTCCAGCAAATCA,Sample_1050_1051
Sample_1050_1051_TCTTTCCTCTACTCAT,Sample_1050_1051_TCTTTCCTCTACTCAT,Sample_1050_1051
Sample_1050_1051_TGAAAGAAGAGTGACC,Sample_1050_1051_TGAAAGAAGAGTGACC,Sample_1050_1051
Sample_1050_1051_TGAAAGAAGGGATCTG,Sample_1050_1051_TGAAAGAAGGGATCTG,Sample_1050_1051
Sample_1050_1051_TGACGGCAGCTGTCTA,Sample_1050_1051_TGACGGCAGCTGTCTA,Sample_1050_1051
Sample_1050_1051_TGACGGCGTACCGGCT,Sample_1050_1051_TGACGGCGTACCGGCT,Sample_1050_1051
Sample_1050_1051_TGACGGCTCCACGACG,Sample_1050_1051_TGACGGCTCCACGACG,Sample_1050_1051
Sample_1050_1051_TGACGGCTCGGCTACG,Sample_1050_1051_TGACGGCTCGGCTACG,Sample_1050_1051
Sample_1050_1051_TGAGAGGAGTGTACGG,Sample_1050_1051_TGAGAGGAGTGTACGG,Sample_1050_1051
Sample_1050_1051_TGAGCATAGGGTCTCC,Sample_1050_1051_TGAGCATAGGGTCTCC,Sample_1050_1051
Sample_1050_1051_TGAGCATGTCACCTAA,Sample_1050_1051_TGAGCATGTCACCTAA,Sample_1050_1051
Sample_1050_1051_TGAGCATTCGTTGCCT,Sample_1050_1051_TGAGCATTCGTTGCCT,Sample_1050_1051
Sample_1050_1051_TGCACCTAGTGTACTC,Sample_1050_1051_TGCACCTAGTGTACTC,Sample_1050_1051
Sample_1050_1051_TGCCAAAGTCGCGGTT,Sample_1050_1051_TGCCAAAGTCGCGGTT,Sample_1050_1051
Sample_1050_1051_TGCCCTACACAGCCCA,Sample_1050_1051_TGCCCTACACAGCCCA,Sample_1050_1051
Sample_1050_1051_TGCCCTATCTTGTTTG,Sample_1050_1051_TGCCCTATCTTGTTTG,Sample_1050_1051
Sample_1050_1051_TGCGCAGAGAATAGGG,Sample_1050_1051_TGCGCAGAGAATAGGG,Sample_1050_1051
Sample_1050_1051_TGCGCAGAGATGAGAG,Sample_1050_1051_TGCGCAGAGATGAGAG,Sample_1050_1051
Sample_1050_1051_TGCGCAGGTAATCACC,Sample_1050_1051_TGCGCAGGTAATCACC,Sample_1050_1051
Sample_1050_1051_TGCGCAGTCTGGTATG,Sample_1050_1051_TGCGCAGTCTGGTATG,Sample_1050_1051
Sample_1050_1051_TGCGTGGCATTCCTGC,Sample_1050_1051_TGCGTGGCATTCCTGC,Sample_1050_1051
Sample_1050_1051_TGCTACCTCGTTTAGG,Sample_1050_1051_TGCTACCTCGTTTAGG,Sample_1050_1051
Sample_1050_1051_TGCTGCTCATTTCAGG,Sample_1050_1051_TGCTGCTCATTTCAGG,Sample_1050_1051
Sample_1050_1051_TGGACGCCATCACAAC,Sample_1050_1051_TGGACGCCATCACAAC,Sample_1050_1051
Sample_1050_1051_TGGACGCGTCGTGGCT,Sample_1050_1051_TGGACGCGTCGTGGCT,Sample_1050_1051
Sample_1050_1051_TGGCCAGTCTTCCTTC,Sample_1050_1051_TGGCCAGTCTTCCTTC,Sample_1050_1051
Sample_1050_1051_TGGCGCATCGGCGGTT,Sample_1050_1051_TGGCGCATCGGCGGTT,Sample_1050_1051
Sample_1050_1051_TGGCTGGTCTAAGCCA,Sample_1050_1051_TGGCTGGTCTAAGCCA,Sample_1050_1051
Sample_1050_1051_TGGGAAGCACCGTTGG,Sample_1050_1051_TGGGAAGCACCGTTGG,Sample_1050_1051
Sample_1050_1051_TGGTTAGAGACTAGAT,Sample_1050_1051_TGGTTAGAGACTAGAT,Sample_1050_1051
Sample_1050_1051_TGGTTAGCAGCTGTAT,Sample_1050_1051_TGGTTAGCAGCTGTAT,Sample_1050_1051
Sample_1050_1051_TGGTTAGGTTCAGACT,Sample_1050_1051_TGGTTAGGTTCAGACT,Sample_1050_1051
Sample_1050_1051_TGGTTCCCAAAGCAAT,Sample_1050_1051_TGGTTCCCAAAGCAAT,Sample_1050_1051
Sample_1050_1051_TGGTTCCGTTCTGAAC,Sample_1050_1051_TGGTTCCGTTCTGAAC,Sample_1050_1051
Sample_1050_1051_TGGTTCCTCCGTCAAA,Sample_1050_1051_TGGTTCCTCCGTCAAA,Sample_1050_1051
Sample_1050_1051_TGTATTCCAGACAGGT,Sample_1050_1051_TGTATTCCAGACAGGT,Sample_1050_1051
Sample_1050_1051_TGTCCCAGTCGACTGC,Sample_1050_1051_TGTCCCAGTCGACTGC,Sample_1050_1051
Sample_1050_1051_TGTTCCGGTCTCGTTC,Sample_1050_1051_TGTTCCGGTCTCGTTC,Sample_1050_1051
Sample_1050_1051_TTAACTCGTCTGCGGT,Sample_1050_1051_TTAACTCGTCTGCGGT,Sample_1050_1051
Sample_1050_1051_TTAGGACGTCAGATAA,Sample_1050_1051_TTAGGACGTCAGATAA,Sample_1050_1051
Sample_1050_1051_TTAGGCACACCGAAAG,Sample_1050_1051_TTAGGCACACCGAAAG,Sample_1050_1051
Sample_1050_1051_TTAGGCAGTAGTACCT,Sample_1050_1051_TTAGGCAGTAGTACCT,Sample_1050_1051
Sample_1050_1051_TTAGTTCGTAAGAGAG,Sample_1050_1051_TTAGTTCGTAAGAGAG,Sample_1050_1051
Sample_1050_1051_TTATGCTAGTGCCATT,Sample_1050_1051_TTATGCTAGTGCCATT,Sample_1050_1051
Sample_1050_1051_TTATGCTGTATAGTAG,Sample_1050_1051_TTATGCTGTATAGTAG,Sample_1050_1051
Sample_1050_1051_TTATGCTTCGGACAAG,Sample_1050_1051_TTATGCTTCGGACAAG,Sample_1050_1051
Sample_1050_1051_TTCGAAGAGACAGACC,Sample_1050_1051_TTCGAAGAGACAGACC,Sample_1050_1051
Sample_1050_1051_TTCGAAGTCTGCGTAA,Sample_1050_1051_TTCGAAGTCTGCGTAA,Sample_1050_1051
Sample_1050_1051_TTCTACATCCACGAAT,Sample_1050_1051_TTCTACATCCACGAAT,Sample_1050_1051
Sample_1050_1051_TTCTCCTCAAACGTGG,Sample_1050_1051_TTCTCCTCAAACGTGG,Sample_1050_1051
Sample_1050_1051_TTCTCCTGTTTGGGCC,Sample_1050_1051_TTCTCCTGTTTGGGCC,Sample_1050_1051
Sample_1050_1051_TTCTTAGGTCTTGTCC,Sample_1050_1051_TTCTTAGGTCTTGTCC,Sample_1050_1051
Sample_1050_1051_TTGACTTGTACTTAGC,Sample_1050_1051_TTGACTTGTACTTAGC,Sample_1050_1051
Sample_1050_1051_TTGCCGTTCCCTGACT,Sample_1050_1051_TTGCCGTTCCCTGACT,Sample_1050_1051
Sample_1050_1051_TTGCGTCAGATATACG,Sample_1050_1051_TTGCGTCAGATATACG,Sample_1050_1051
Sample_1050_1051_TTGCGTCTCGCCCTTA,Sample_1050_1051_TTGCGTCTCGCCCTTA,Sample_1050_1051
Sample_1050_1051_TTGGAACAGGGTCGAT,Sample_1050_1051_TTGGAACAGGGTCGAT,Sample_1050_1051
Sample_1050_1051_TTGGAACGTTCCACGG,Sample_1050_1051_TTGGAACGTTCCACGG,Sample_1050_1051
Sample_1050_1051_TTGTAGGAGGACATTA,Sample_1050_1051_TTGTAGGAGGACATTA,Sample_1050_1051
Sample_1050_1051_TTGTAGGCAGCGTAAG,Sample_1050_1051_TTGTAGGCAGCGTAAG,Sample_1050_1051
Sample_1050_1051_TTTACTGCACTGTGTA,Sample_1050_1051_TTTACTGCACTGTGTA,Sample_1050_1051
Sample_1050_1051_TTTACTGTCTTGGGTA,Sample_1050_1051_TTTACTGTCTTGGGTA,Sample_1050_1051
Sample_1050_1051_TTTGCGCAGAGGGATA,Sample_1050_1051_TTTGCGCAGAGGGATA,Sample_1050_1051
Sample_1050_1051_TTTGCGCCATACTACG,Sample_1050_1051_TTTGCGCCATACTACG,Sample_1050_1051
Sample_1050_1051_TTTGGTTAGTGGAGTC,Sample_1050_1051_TTTGGTTAGTGGAGTC,Sample_1050_1051
Sample_1050_1051_TTTGGTTCAAGCTGGA,Sample_1050_1051_TTTGGTTCAAGCTGGA,Sample_1050_1051
Sample_1050_1051_TTTGGTTCACTTAACG,Sample_1050_1051_TTTGGTTCACTTAACG,Sample_1050_1051
Sample_1050_1051_TTTGGTTTCGTCGTTC,Sample_1050_1051_TTTGGTTTCGTCGTTC,Sample_1050_1051
Sample_1050_1051_TTTGTCACAAAGTGCG,Sample_1050_1051_TTTGTCACAAAGTGCG,Sample_1050_1051
Sample_1050_1051_TTTGTCACAGCCTTGG,Sample_1050_1051_TTTGTCACAGCCTTGG,Sample_1050_1051
Sample_1050_1051_TTTGTCAGTATTCGTG,Sample_1050_1051_TTTGTCAGTATTCGTG,Sample_1050_1051
